run,experiment,seed,backbone,head,clip_len,planes,window,loss,optimizer,epochs,split_family,split_key,extras,best_epoch,p,p_v,p_t,edit,f1_50,mae_h,n_videos,val_p_t,val_p_v
convnext_tiny_lstm_L8_split0_seed0,convnext_tiny_lstm_L8_split0,0,ConvNeXt-T,LSTM,8,1,150/150,CE,adamw,10,official fold 0,fold0,,9,0.6912137426077162,0.6887848493382146,0.6450582999090462,67.65586817825623,58.17134629229662,3.4309899569583924,67,0.6344515699354408,0.6938181535954053
efficientnet_b0_lstm_L8_split0_seed0,efficientnet_b0_lstm_L8_split0,0,EfficientNet-B0,LSTM,8,1,150/150,CE,sgd,10,official fold 0,fold0,,4,0.6584412841453112,0.676217966769924,0.6162324822772582,72.71934533128564,57.9092159559835,3.974002751031637,67,0.6251484178903534,0.6789941402460321
efficientnet_v2_l_none_imagesplit_seed0,efficientnet_v2_l_none_imagesplit,0,EfficientNet-V2-L,per-frame,1,1,150/150,CE,sgd,10,image-level (frames of every video split 70/10/20),image,,10,0.9295491440377804,0.9358397284533648,0.8862195532824367,89.00626299399305,90.12318029115342,0.6492268854528241,652,0.8777416772048673,0.9293742349493676
efficientnet_v2_l_none_split0_seed0,efficientnet_v2_l_none_split0,0,EfficientNet-V2-L,per-frame,1,1,150/150,CE,sgd,10,official fold 0,fold0,,8,0.6860743452548578,0.7215221064488876,0.6935471659352255,77.70234326204476,61.096605744125334,2.981578947368421,67,0.6817800031509706,0.6999495517870309
kinetic_cnn_lstm_L4_split0_seed0,kinetic_cnn_lstm_L4_split0,0,small CNN (scratch),LSTM,4,1,150/150,CE,adamw,10,official fold 0,fold0,,6,0.5826527738665165,0.5795902562658406,0.3689836283119865,61.01278903517709,42.550037064492216,5.69796511627907,67,0.38066060283802217,0.5571423027668905
r2plus1d_L8_grouped_v1_seed0,r2plus1d_L8_grouped_v1,0,R(2+1)D-18,3D CNN,8,1,64/64,CE,sgd,10,patient-grouped (CLEAVE),grouped,112px,8,0.7044729243705993,0.7246593384327035,0.6900719361656863,75.54048671236171,62.93508936970837,3.2500476644423264,96,0.6587549672549672,0.6968541029942321
r2plus1d_L8_grouped_v1_seed1,r2plus1d_L8_grouped_v1,1,R(2+1)D-18,3D CNN,8,1,64/64,CE,sgd,10,patient-grouped (CLEAVE),grouped,112px,9,0.705941948229573,0.7270148422065752,0.7008397274022276,77.47111684611684,63.51102941176471,3.099043062200957,96,0.6771070596070595,0.696486430590344
r2plus1d_L8_grouped_v1_seed2,r2plus1d_L8_grouped_v1,2,R(2+1)D-18,3D CNN,8,1,64/64,CE,sgd,10,patient-grouped (CLEAVE),grouped,112px,5,0.7032825084848792,0.7182006990527329,0.657112678987679,75.69978487947238,59.736594543744125,3.0099712368168743,96,0.6438306415806416,0.7000712365282533
r2plus1d_L8_split0_seed0,r2plus1d_L8_split0,0,R(2+1)D-18,3D CNN,8,1,64/64,CE,sgd,10,official fold 0,fold0,112px,5,0.688608842579555,0.7077583779217121,0.6947091051568663,73.02357675492006,60.32831737346102,3.1420689655172414,67,0.6452919840016613,0.6950599557607978
r2plus1d_L8_split0_seed1,r2plus1d_L8_split0,1,R(2+1)D-18,3D CNN,8,1,64/64,CE,sgd,10,official fold 0,fold0,112px,10,0.6787876654463532,0.6928682061391157,0.6984203607337937,76.84865714716462,59.537953795379536,3.2297111416781292,67,0.6866627100498067,0.690636035546587
r2plus1d_L8_split0_seed2,r2plus1d_L8_split0,2,R(2+1)D-18,3D CNN,8,1,64/64,CE,sgd,10,official fold 0,fold0,112px,9,0.6763939735285835,0.7094480428048437,0.7062340644430196,80.24282516819831,59.87012987012987,3.0598901098901097,67,0.6754607847349783,0.6984361053979588
r2plus1d_L8_split1_seed0,r2plus1d_L8_split1,0,R(2+1)D-18,3D CNN,4,1,64/64,CE,sgd,10,official fold 1,fold1,,3,0.6841579395329904,0.7095807275284017,0.6778340057028581,76.9477653494047,60.31976744186046,3.2785502958579884,61,0.7276294218601911,0.7410671307438812
r2plus1d_L8_split2_seed0,r2plus1d_L8_split2,0,R(2+1)D-18,3D CNN,4,1,64/64,CE,sgd,10,official fold 2,fold2,,5,0.6962960280966002,0.7198305514319853,0.6940530836684683,76.95231264462033,58.28804347826087,3.0247552447552444,65,0.6602152548306395,0.6997999924525454
r2plus1d_L8_split3_seed0,r2plus1d_L8_split3,0,R(2+1)D-18,3D CNN,4,1,64/64,CE,sgd,10,official fold 3,fold3,,7,0.6990961077292013,0.7340343110127283,0.7319076756576756,76.76260422583952,62.36702127659575,2.752407152682256,68,0.7124087112182351,0.7116053074191739
r2plus1d_L8_split4_seed0,r2plus1d_L8_split4,0,R(2+1)D-18,3D CNN,4,1,64/64,CE,sgd,10,official fold 4,fold4,,2,0.720593191776205,0.7455716586151369,0.7087904632680752,76.45686817328608,62.99862448418156,2.72962962962963,67,0.7127476479749207,0.721671724743135
resnet18_asformer_L16_evalfix_split0_seed0,resnet18_asformer_L16_evalfix_split0,0,ResNet-18,ASFormer-lite,16,1,16/8,CE,adamw,10,official fold 0,fold0,,9,0.6919177696423543,0.6968811602365531,0.6889321292306367,73.03317743616252,59.551325628823925,3.519834710743801,67,0.6751389291711871,0.6946330862664442
resnet18_asformer_L64_evalfix_split0_seed0,resnet18_asformer_L64_evalfix_split0,0,ResNet-18,ASFormer-lite,64,1,64/32,CE,adamw,10,official fold 0,fold0,,8,0.5485074626865671,0.6317234581807941,0.567653532205771,66.32497684736491,55.587392550143264,5.504654442877292,67,0.5731334973270458,0.6225309480383406
resnet18_diffactlite_L16_split0_seed0,resnet18_diffactlite_L16_split0,0,ResNet-18,diffusion refinement,16,1,150/150,CE,sgd,10,official fold 0,fold0,,1,0.5645944804280484,0.5888130104196001,0.47001000657717085,58.9507880179522,42.57575757575758,5.334971098265896,67,0.4482888974824458,0.5591602312856533
resnet18_diffactlite_L16_split0_seed1,resnet18_diffactlite_L16_split0,1,ResNet-18,diffusion refinement,16,1,150/150,CE,sgd,10,official fold 0,fold0,,4,0.5277386651647423,0.5306603773584906,0.3709859377769826,57.93304953752715,35.24904214559387,7.1008658008658,67,0.36142526828010696,0.5056075129031006
resnet18_diffactlite_L16_split0_seed2,resnet18_diffactlite_L16_split0,2,ResNet-18,diffusion refinement,16,1,150/150,CE,sgd,10,official fold 0,fold0,,9,0.48683469445226696,0.5214728245564629,0.37560316963302043,58.89796770393786,38.63636363636363,6.756818181818182,67,0.3763742977452655,0.5203927199348054
resnet18_gru_L8_grouped_v2_seed0,resnet18_gru_L8_grouped_v2,0,ResNet-18,GRU,8,1,150/150,CE,sgd,10,patient-grouped v2 (CLEAVE),grouped_v2,,8,0.6751441834294556,0.6872133914755943,0.6561406758035973,74.4306146412888,57.48316934230968,3.87778947368421,89,0.6685854961365165,0.6967520886135361
resnet18_gru_L8_grouped_v2_seed1,resnet18_gru_L8_grouped_v2,1,ResNet-18,GRU,8,1,150/150,CE,sgd,10,patient-grouped v2 (CLEAVE),grouped_v2,,10,0.6797580531720354,0.6889857926571951,0.6705478042556694,73.45275666904881,57.75510204081633,3.227408993576017,89,0.7049810450320654,0.702454707594105
resnet18_gru_L8_grouped_v2_seed2,resnet18_gru_L8_grouped_v2,2,ResNet-18,GRU,8,1,150/150,CE,sgd,10,patient-grouped v2 (CLEAVE),grouped_v2,,9,0.677310451540301,0.6914052609368406,0.660871525478267,70.75040907906076,58.80503144654088,3.5143315508021393,89,0.6542841795392816,0.6920820426171032
resnet18_gru_L8_split0_seed0,resnet18_gru_L8_split0,0,ResNet-18,GRU,8,1,150/150,CE,sgd,10,official fold 0,fold0,,4,0.6785412559842298,0.696177133201915,0.6629646058750538,69.28218961801052,57.9750346740638,3.222865013774105,67,0.6565436803340029,0.6910240987232722
resnet18_lstm_L16_split0_seed0,resnet18_lstm_L16_split0,0,ResNet-18,LSTM,16,1,150/150,CE,sgd,10,official fold 0,fold0,,6,0.6901929034074908,0.6937834412841453,0.6257656936761414,74.02156301410034,59.36010891763104,3.5408839779005525,67,0.5912371230919617,0.6829135783305522
resnet18_lstm_L16_win_adamw_split0_seed0,resnet18_lstm_L16_win_adamw_split0,0,ResNet-18,LSTM,16,1,16/8,CE,adamw,10,official fold 0,fold0,,9,0.7023725711067305,0.7046958603210364,0.6850930578542519,75.95331699809311,60.34712950600801,3.48,67,0.6712428252750833,0.7030540572005123
resnet18_lstm_L16_win_adamw_split0_seed1,resnet18_lstm_L16_win_adamw_split0,1,ResNet-18,LSTM,16,1,16/8,CE,adamw,10,official fold 0,fold0,,10,0.7058927062799212,0.7163475077442973,0.7236103862969533,78.57905361636705,62.02365308804205,3.1133793103448273,67,0.7173002177034433,0.7039854088245566
resnet18_lstm_L16_win_adamw_split0_seed2,resnet18_lstm_L16_win_adamw_split0,2,ResNet-18,LSTM,16,1,16/8,CE,adamw,10,official fold 0,fold0,,9,0.6985708251196846,0.7077231765699803,0.718442461352909,79.61119726045101,60.26315789473684,3.322576177285318,67,0.6957806082806081,0.7014241918584345
resnet18_lstm_L16_win_adamw_split1_seed0,resnet18_lstm_L16_win_adamw_split1,0,ResNet-18,LSTM,16,1,16/8,CE,adamw,10,official fold 1,fold1,,9,0.7182770232764681,0.7325611516115901,0.7195722765394894,83.27637298948775,62.59758694109298,3.1399705014749264,61,0.7619842550611781,0.7577665049801903
resnet18_lstm_L16_win_adamw_split1_seed1,resnet18_lstm_L16_win_adamw_split1,1,ResNet-18,LSTM,16,1,16/8,CE,adamw,10,official fold 1,fold1,,10,0.7119490804129815,0.7333382674018428,0.7163140138549975,82.14589599835503,61.89801699716714,3.324519940915805,61,0.740530751299982,0.7538045691857667
resnet18_lstm_L16_win_adamw_split1_seed2,resnet18_lstm_L16_win_adamw_split1,2,ResNet-18,LSTM,16,1,16/8,CE,adamw,10,official fold 1,fold1,,10,0.7093216889316508,0.732154090959553,0.725798381945923,83.0528123970747,63.22489391796322,3.278138847858198,61,0.7645007983469523,0.756988928796238
resnet18_lstm_L16_win_adamw_split2_seed0,resnet18_lstm_L16_win_adamw_split2,0,ResNet-18,LSTM,16,1,16/8,CE,adamw,10,official fold 2,fold2,,10,0.7377167891668779,0.7458995618957964,0.7343202950895259,78.81846785692939,64.93333333333334,2.4528511821974965,65,0.7198235525158602,0.7428582210649458
resnet18_lstm_L16_win_adamw_split2_seed1,resnet18_lstm_L16_win_adamw_split2,1,ResNet-18,LSTM,16,1,16/8,CE,adamw,10,official fold 2,fold2,,10,0.7311633295919475,0.7371012708642601,0.7194593013823782,78.71735529427838,63.540290620871865,2.534122562674095,65,0.7214762160916007,0.7314993018604475
resnet18_lstm_L16_win_adamw_split2_seed2,resnet18_lstm_L16_win_adamw_split2,2,ResNet-18,LSTM,16,1,16/8,CE,adamw,10,official fold 2,fold2,,9,0.7338064375973062,0.7330822984177559,0.7431885208808285,78.65929796699027,65.14745308310992,2.3427769985974756,65,0.7237499679807372,0.7324427336880637
resnet18_lstm_L16_win_adamw_split3_seed0,resnet18_lstm_L16_win_adamw_split3,0,ResNet-18,LSTM,16,1,16/8,CE,adamw,10,official fold 3,fold3,,9,0.7226342003320421,0.7383508577753182,0.7484311848282436,77.18247030747031,64.77572559366754,2.5299180327868855,68,0.720414109699824,0.7316763221827696
resnet18_lstm_L16_win_adamw_split3_seed1,resnet18_lstm_L16_win_adamw_split3,1,ResNet-18,LSTM,16,1,16/8,CE,adamw,10,official fold 3,fold3,,10,0.7270614277808523,0.7389411547684929,0.7739056286850404,78.41037638831757,64.69428007889546,2.262755798090041,68,0.7210572496286782,0.7239020743786209
resnet18_lstm_L16_win_adamw_split3_seed2,resnet18_lstm_L16_win_adamw_split3,2,ResNet-18,LSTM,16,1,16/8,CE,adamw,10,official fold 3,fold3,,9,0.7212691385353256,0.738682899833979,0.7604928976252505,78.94677218206631,64.74442988204456,2.5121751025991794,68,0.7186370507799081,0.7209119790693328
resnet18_lstm_L16_win_adamw_split4_seed0,resnet18_lstm_L16_win_adamw_split4,0,ResNet-18,LSTM,16,1,16/8,CE,adamw,10,official fold 4,fold4,,7,0.7338501291989664,0.7463580871063177,0.7224230164528672,78.40041384817505,61.58001350438893,2.5585969738651992,67,0.7041764212218757,0.7337014150425976
resnet18_lstm_L16_win_adamw_split4_seed1,resnet18_lstm_L16_win_adamw_split4,1,ResNet-18,LSTM,16,1,16/8,CE,adamw,10,official fold 4,fold4,,10,0.7392802306856907,0.7494289031194997,0.7395950649681992,81.92761633060141,65.11936339522546,2.5056241426611794,67,0.7511305613578341,0.743646934074372
resnet18_lstm_L16_win_adamw_split4_seed2,resnet18_lstm_L16_win_adamw_split4,2,ResNet-18,LSTM,16,1,16/8,CE,adamw,10,official fold 4,fold4,,10,0.7426506385050369,0.7525371681084523,0.743639569385838,79.72947036379874,64.8757555406313,2.547592847317744,67,0.7453195794104885,0.7371750338220776
resnet18_lstm_L16_win_split0_seed0,resnet18_lstm_L16_win_split0,0,ResNet-18,LSTM,16,1,16/8,CE,sgd,10,official fold 0,fold0,,8,0.6852999155167558,0.6883272317656998,0.6601893960102916,67.97498521379119,56.44257703081232,3.2955922865013765,67,0.6191232154941833,0.6836897046839225
resnet18_lstm_L16_win_split0_seed1,resnet18_lstm_L16_win_split0,1,ResNet-18,LSTM,16,1,16/8,CE,sgd,10,official fold 0,fold0,,7,0.6616446071529146,0.6921993804562095,0.6572051497424631,74.28634798037783,59.91792065663475,3.4794238683127574,67,0.6574170900783803,0.6902867786875704
resnet18_lstm_L16_win_split0_seed2,resnet18_lstm_L16_win_split0,2,ResNet-18,LSTM,16,1,16/8,CE,sgd,10,official fold 0,fold0,,9,0.6753379329766263,0.6890664601520698,0.6931537368104532,75.86915986169718,57.54527162977867,3.716413793103448,67,0.6802817254430158,0.6898987155108852
resnet18_lstm_L16_win_split1_seed0,resnet18_lstm_L16_win_split1,0,ResNet-18,LSTM,16,1,16/8,CE,sgd,10,official fold 1,fold1,,5,0.6756096658402102,0.6882285460533619,0.6555165690411592,73.47278404655455,58.77061469265368,3.6682422451994094,61,0.7187273837273837,0.7415855148665161
resnet18_lstm_L16_win_split1_seed1,resnet18_lstm_L16_win_split1,1,ResNet-18,LSTM,16,1,16/8,CE,sgd,10,official fold 1,fold1,,8,0.6893017059541872,0.7058061651186027,0.670024601991815,78.15834893703747,59.705882352941174,3.3608047690014904,61,0.7035558031711879,0.7347724663976006
resnet18_lstm_L16_win_split1_seed2,resnet18_lstm_L16_win_split1,2,ResNet-18,LSTM,16,1,16/8,CE,sgd,10,official fold 1,fold1,,10,0.667653480368575,0.6903008548273692,0.689783759046054,78.60187171662582,59.82404692082112,3.5586924219910845,61,0.7241403468326545,0.7378087162587478
resnet18_lstm_L16_win_split2_seed0,resnet18_lstm_L16_win_split2,0,ResNet-18,LSTM,16,1,16/8,CE,sgd,10,official fold 2,fold2,,8,0.6991925848148014,0.6994098265686665,0.6847002143155989,73.72432695509619,60.55555555555555,2.9420833333333336,65,0.7095218883680422,0.7232725763236348
resnet18_lstm_L16_win_split2_seed1,resnet18_lstm_L16_win_split2,1,ResNet-18,LSTM,16,1,16/8,CE,sgd,10,official fold 2,fold2,,8,0.7088236359028205,0.723885730837467,0.6733820026127717,75.34068922530462,60.49723756906077,3.0509040333796937,65,0.6716485651101036,0.7159892826144383
resnet18_lstm_L16_win_split2_seed2,resnet18_lstm_L16_win_split2,2,ResNet-18,LSTM,16,1,16/8,CE,sgd,10,official fold 2,fold2,,9,0.7175495130164018,0.7280495311198812,0.6966406670252824,75.01082678005753,60.42090970807875,2.7111267605633804,65,0.694351716659409,0.7196875353786936
resnet18_lstm_L16_win_split3_seed0,resnet18_lstm_L16_win_split3,0,ResNet-18,LSTM,16,1,16/8,CE,sgd,10,official fold 3,fold3,,10,0.6991330012912746,0.7093525179856115,0.7089450174008997,76.3651748578219,61.9586942038641,2.8965753424657534,68,0.6862976089166563,0.7015511119416932
resnet18_lstm_L16_win_split3_seed1,resnet18_lstm_L16_win_split3,1,ResNet-18,LSTM,16,1,16/8,CE,sgd,10,official fold 3,fold3,,10,0.7096476664821989,0.7184652278177458,0.7107249368278781,72.83244533244533,59.65635738831615,2.6370218579234974,68,0.6883399669113953,0.7074191739861708
resnet18_lstm_L16_win_split3_seed2,resnet18_lstm_L16_win_split3,2,ResNet-18,LSTM,16,1,16/8,CE,sgd,10,official fold 3,fold3,,10,0.7073971591957203,0.7217487548422801,0.7098294271088389,73.32789759260348,60.436562073669855,2.5593360995850625,68,0.6751453132405512,0.7209119790693328
resnet18_lstm_L16_win_split4_seed0,resnet18_lstm_L16_win_split4,0,ResNet-18,LSTM,16,1,16/8,CE,sgd,10,official fold 4,fold4,,6,0.7163989064899074,0.7189828858180729,0.7044383063039779,70.39805550999581,61.0,3.145592286501377,67,0.7013809843355299,0.7207210501298037
resnet18_lstm_L16_win_split4_seed1,resnet18_lstm_L16_win_split4,1,ResNet-18,LSTM,16,1,16/8,CE,sgd,10,official fold 4,fold4,,6,0.7176347226903345,0.7380818634610343,0.7298002577853323,78.18873912157493,62.694651320243736,2.664697802197802,67,0.7204393249847794,0.7225858349482613
resnet18_lstm_L16_win_split4_seed2,resnet18_lstm_L16_win_split4,2,ResNet-18,LSTM,16,1,16/8,CE,sgd,10,official fold 4,fold4,,8,0.7268097217541101,0.7397670673707074,0.7087921199861499,76.53277485367038,63.17222600408441,2.721212121212121,67,0.6974473758564668,0.7225492705400564
resnet18_lstm_L4_boundaryloss_split0_seed0,resnet18_lstm_L4_boundaryloss_split0,0,ResNet-18,LSTM,4,1,150/150,boundary-weighted CE,sgd,10,official fold 0,fold0,,9,0.6818149816952971,0.6864967614756406,0.6726934756785503,80.27383064696495,57.14285714285714,3.4364265927977837,67,0.6848236440978375,0.693119639877372
resnet18_lstm_L4_boundaryloss_split0_seed1,resnet18_lstm_L4_boundaryloss_split0,1,ResNet-18,LSTM,4,1,150/150,boundary-weighted CE,sgd,10,official fold 0,fold0,,4,0.6825542100816672,0.6877992114897212,0.6744320356260655,71.97830362009468,57.472826086956516,3.573961218836565,67,0.6481246799795184,0.704761535177927
resnet18_lstm_L4_boundaryloss_split0_seed2,resnet18_lstm_L4_boundaryloss_split0,2,ResNet-18,LSTM,4,1,150/150,boundary-weighted CE,sgd,10,official fold 0,fold0,,5,0.6643551112362714,0.6746339059419881,0.6466868951943578,76.58593893668521,56.45371577574967,3.624484181568088,67,0.6903453177646726,0.7032480887888548
resnet18_lstm_L4_ceweighted_split0_seed0,resnet18_lstm_L4_ceweighted_split0,0,ResNet-18,LSTM,4,1,150/150,weighted CE,sgd,10,official fold 0,fold0,,3,0.6732610532244439,0.6860391439031259,0.6266262344620552,73.15151680823321,57.77184789859907,3.4813278008298756,67,0.6384487824003953,0.6894330396988629
resnet18_lstm_L4_embryodiff_split_seed0,resnet18_lstm_L4_embryodiff_split,0,ResNet-18,LSTM,4,1,150/150,CE,sgd,10,random 70/10/20 video split (EmbryoDiff-style),random73,15 classes,6,0.6963292956813077,0.7094976866340218,0.6905028644824563,77.35254116631667,59.81393238030406,3.206212050443718,196,0.65193055736534,0.6708573159648591
resnet18_lstm_L4_embryodiff_split_seed1,resnet18_lstm_L4_embryodiff_split,1,ResNet-18,LSTM,4,1,150/150,CE,sgd,10,random 70/10/20 video split (EmbryoDiff-style),random73,15 classes,2,0.6857258569272118,0.6989556103727158,0.6340128125842411,70.68917901826066,58.7369420702754,3.5155035128805623,196,0.6316113837852969,0.6757548217711804
resnet18_lstm_L4_grouped_v1_seed0,resnet18_lstm_L4_grouped_v1,0,ResNet-18,LSTM,4,1,150/150,CE,sgd,10,patient-grouped (CLEAVE),grouped,,8,0.7054860442733397,0.714300187427182,0.6644219206719207,77.5012473059348,58.69767441860465,3.07404214559387,96,0.6612147574647573,0.6961187581864559
resnet18_lstm_L4_grouped_v1_seed1,resnet18_lstm_L4_grouped_v1,1,ResNet-18,LSTM,4,1,150/150,CE,sgd,10,patient-grouped (CLEAVE),grouped,,7,0.7134390355098525,0.727597386150651,0.7027941387316389,81.03114767177267,60.79570853822083,2.803053435114504,96,0.6644217449217449,0.6842153641105775
resnet18_lstm_L4_grouped_v1_seed2,resnet18_lstm_L4_grouped_v1,2,ResNet-18,LSTM,4,1,150/150,CE,sgd,10,patient-grouped (CLEAVE),grouped,,5,0.713261739526873,0.719593738919001,0.6728764291264291,74.48052092583343,59.46969696969697,2.9233046800382043,96,0.6658185703185704,0.693682928510697
resnet18_lstm_L4_grouped_v2_seed0,resnet18_lstm_L4_grouped_v2,0,ResNet-18,LSTM,4,1,150/150,CE,sgd,10,patient-grouped v2 (CLEAVE),grouped_v2,,4,0.6856660571107047,0.6940216626811084,0.6588886145065921,74.25318127565318,58.951738453554746,3.2885683760683766,89,0.6722931546911137,0.6992865859382333
resnet18_lstm_L4_grouped_v2_seed1,resnet18_lstm_L4_grouped_v2,1,ResNet-18,LSTM,4,1,150/150,CE,sgd,10,patient-grouped v2 (CLEAVE),grouped_v2,,6,0.6670980447320298,0.6739625826417217,0.6416252287038803,77.36432886713786,57.51243781094527,3.3536170212765954,89,0.6835980629347975,0.6890077912325167
resnet18_lstm_L4_grouped_v2_seed2,resnet18_lstm_L4_grouped_v2,2,ResNet-18,LSTM,4,1,150/150,CE,sgd,10,patient-grouped v2 (CLEAVE),grouped_v2,,5,0.6792516528344352,0.6909269939513293,0.6550202294584317,75.64970142217334,58.734177215189874,3.8306315789473686,89,0.6704012823910782,0.6979254670045997
resnet18_lstm_L4_grouped_v2_trainclean3_seed0,resnet18_lstm_L4_grouped_v2_trainclean3,0,ResNet-18,LSTM,4,1,150/150,CE,sgd,10,patient-grouped v2_trainclean_v3 (CLEAVE),grouped_v2_trainclean_v3,,4,0.6897172598115066,0.6973695315796877,0.6910553553811981,75.21944191888012,58.34990059642146,3.094373673036094,89,0.6934119451976595,0.7033464751713132
resnet18_lstm_L4_grouped_v2_trainclean3_seed1,resnet18_lstm_L4_grouped_v2_trainclean3,1,ResNet-18,LSTM,4,1,150/150,CE,sgd,10,patient-grouped v2_trainclean_v3 (CLEAVE),grouped_v2_trainclean_v3,,7,0.6972569981713321,0.7098044732029821,0.6765954706965942,76.30670671401009,58.74125874125874,3.10297555791711,89,0.6780952890646769,0.7033464751713132
resnet18_lstm_L4_grouped_v2_trainclean3_seed2,resnet18_lstm_L4_grouped_v2_trainclean3,2,ResNet-18,LSTM,4,1,150/150,CE,sgd,10,patient-grouped v2_trainclean_v3 (CLEAVE),grouped_v2_trainclean_v3,,9,0.6837529891686595,0.694134196089464,0.6627288753693248,76.05824419026666,57.28250244379277,3.2075531914893616,89,0.6838044325289224,0.6976907913263869
resnet18_lstm_L4_grouped_v2_trainclean_seed0,resnet18_lstm_L4_grouped_v2_trainclean,0,ResNet-18,LSTM,4,1,150/150,CE,sgd,10,patient-grouped v2_trainclean_v1 (CLEAVE),grouped_v2_trainclean_v1,,2,0.6745533830355886,0.6857504571669715,0.6313517319135297,70.17984356467502,57.26405090137858,3.4811501597444092,89,0.6444830113197461,0.692152445320567
resnet18_lstm_L4_grouped_v2_trainclean_seed1,resnet18_lstm_L4_grouped_v2_trainclean,1,ResNet-18,LSTM,4,1,150/150,CE,sgd,10,patient-grouped v2_trainclean_v1 (CLEAVE),grouped_v2_trainclean_v1,,8,0.6848783232522155,0.6954564636376425,0.6926636409782476,79.19616744054946,56.977863330125125,3.183651804670913,89,0.6943417693417694,0.6923401858631372
resnet18_lstm_L4_grouped_v2_trainclean_seed2,resnet18_lstm_L4_grouped_v2_trainclean,2,ResNet-18,LSTM,4,1,150/150,CE,sgd,10,patient-grouped v2_trainclean_v1 (CLEAVE),grouped_v2_trainclean_v1,,7,0.6938247292164862,0.7008580672387115,0.6812838534748648,74.99199770267185,57.74647887323944,3.1055201698513804,89,0.6787572404919344,0.6909321317938609
resnet18_lstm_L4_maeinit_split0_seed0,resnet18_lstm_L4_maeinit_split0,0,ResNet-18,LSTM,4,1,150/150,CE,sgd,10,official fold 0,fold0,MAE init,7,0.6885736412278232,0.6861095466065897,0.6853298028671163,78.20545540694795,58.24742268041238,3.5121546961325962,67,0.6828476183314892,0.6897046839225426
resnet18_lstm_L4_multifocal3_split0_seed0,resnet18_lstm_L4_multifocal3_split0,0,ResNet-18,LSTM,4,3,150/150,CE,sgd,10,official fold 0,fold0,,10,0.7152562658406083,0.7181427766826246,0.6956667710399054,78.76513204871414,61.85834957764782,3.089256198347108,67,0.6629089996025479,0.6992510380689977
resnet18_lstm_L4_multifocal3_split0_seed1,resnet18_lstm_L4_multifocal3_split0,1,ResNet-18,LSTM,4,3,150/150,CE,sgd,10,official fold 0,fold0,,9,0.7097648549704308,0.7162067023373697,0.710373333134527,77.01345917763828,60.47120418848168,3.100828729281768,67,0.69313544878061,0.7098451627925026
resnet18_lstm_L4_multifocal3_split0_seed2,resnet18_lstm_L4_multifocal3_split0,2,ResNet-18,LSTM,4,3,150/150,CE,sgd,10,official fold 0,fold0,,4,0.690509715573078,0.7011757251478457,0.710998868461555,77.3244127348605,60.62624916722186,3.1134986225895314,67,0.6877989841699519,0.7041794404128993
resnet18_lstm_L4_multifocal3_split1_seed0,resnet18_lstm_L4_multifocal3_split1,0,ResNet-18,LSTM,4,3,150/150,CE,sgd,10,official fold 1,fold1,,7,0.7120971024682677,0.7245679606261333,0.7032672245787001,79.61041690549888,59.63172804532578,3.285311572700296,61,0.7447683086144625,0.7479912615247899
resnet18_lstm_L4_multifocal3_split2_seed0,resnet18_lstm_L4_multifocal3_split2,0,ResNet-18,LSTM,4,3,150/150,CE,sgd,10,official fold 2,fold2,,10,0.7397443788696187,0.743908179152033,0.7260697849159389,75.47318920395846,65.00672947510094,2.470850767085077,65,0.7013498894268124,0.7310841918562965
resnet18_lstm_L4_multifocal3_split3_seed0,resnet18_lstm_L4_multifocal3_split3,0,ResNet-18,LSTM,4,3,150/150,CE,sgd,10,official fold 3,fold3,,9,0.703486441615938,0.7166574432761483,0.6870073145808439,80.24560406913348,60.98654708520179,2.765479452054795,68,0.7127585377585376,0.7382545318632031
resnet18_lstm_L4_multifocal3_split4_seed0,resnet18_lstm_L4_multifocal3_split4,0,ResNet-18,LSTM,4,3,150/150,CE,sgd,10,official fold 4,fold4,,6,0.7176347226903345,0.7257237014567651,0.7196975081303437,76.65544654350624,58.316766070245194,2.7892561983471076,67,0.6916319370864825,0.7116896413031555
resnet18_lstm_L4_multifocal7_e20_split0_seed0,resnet18_lstm_L4_multifocal7_e20_split0,0,ResNet-18,LSTM,4,7,150/150,CE,sgd,20,official fold 0,fold0,20 epochs,10,0.7065615319628273,0.7126865671641791,0.7033951123503361,77.73646337079174,60.994764397905755,3.1337016574585626,67,0.7076793725987275,0.7056152741666343
resnet18_lstm_L4_ordinal_split0_seed0,resnet18_lstm_L4_ordinal_split0,0,ResNet-18,LSTM,4,1,150/150,ordinal CE,sgd,10,official fold 0,fold0,,8,0.6709377640101379,0.6807941424950719,0.6645418429000517,75.08368497174467,57.12392312789927,3.641298342541437,67,0.6543514281417507,0.6885404943924871
resnet18_lstm_L4_split0_seed0,resnet18_lstm_L4_split0,0,ResNet-18,LSTM,4,1,150/150,CE,sgd,10,official fold 0,fold0,,9,0.6872007885102788,0.7037806251760068,0.6874655609730236,79.00294978653189,58.725048293625235,3.2649171270718234,67,0.6687645687645688,0.6890061702045093
resnet18_lstm_L4_split0_seed1,resnet18_lstm_L4_split0,1,ResNet-18,LSTM,4,1,150/150,CE,sgd,10,official fold 0,fold0,,4,0.6831174317093777,0.6925865953252605,0.6565043994148472,70.97410466813453,57.14285714285714,3.6096952908587254,67,0.6198081040822975,0.6994450696573402
resnet18_lstm_L4_split0_seed2,resnet18_lstm_L4_split0,2,ResNet-18,LSTM,4,1,150/150,CE,sgd,10,official fold 0,fold0,,5,0.6794564911292593,0.693537031822022,0.6760766596587493,76.33659458286323,58.43895930620414,3.334903047091413,67,0.6782074556268104,0.6959136947495053
resnet18_lstm_L4_split1_seed0,resnet18_lstm_L4_split1,0,ResNet-18,LSTM,4,1,150/150,CE,sgd,10,official fold 1,fold1,,5,0.7063242423121046,0.722236613255375,0.6983055651088438,79.42367741548071,60.29935851746258,3.3982274741506644,61,0.7333509225816918,0.7413263228051986
resnet18_lstm_L4_split1_seed1,resnet18_lstm_L4_split1,1,ResNet-18,LSTM,4,1,150/150,CE,sgd,10,official fold 1,fold1,,7,0.6907819265070495,0.7078044628649669,0.6667041519500535,80.27040354909208,57.97720797720798,3.6176119402985076,61,0.7104456654456655,0.7339578627763172
resnet18_lstm_L4_split1_seed2,resnet18_lstm_L4_split1,2,ResNet-18,LSTM,4,1,150/150,CE,sgd,10,official fold 1,fold1,,5,0.69577767087296,0.7046959997039559,0.6533426955558101,78.19162622441311,57.26744186046512,3.7683431952662723,61,0.7072436964744657,0.740363609434591
resnet18_lstm_L4_split2_seed0,resnet18_lstm_L4_split2,0,ResNet-18,LSTM,4,1,150/150,CE,sgd,10,official fold 2,fold2,,5,0.7301133277815997,0.7433650747673702,0.7258380935304013,77.65741523433832,62.37558062375581,2.541585535465925,65,0.7001508747662594,0.7128193516736481
resnet18_lstm_L4_split2_seed1,resnet18_lstm_L4_split2,1,ResNet-18,LSTM,4,1,150/150,CE,sgd,10,official fold 2,fold2,,5,0.7207719323654006,0.7251167674427025,0.6973540988925604,76.94992187299879,62.323707186030894,2.788811188811189,65,0.7091448722217953,0.7244424317898789
resnet18_lstm_L4_split2_seed2,resnet18_lstm_L4_split2,2,ResNet-18,LSTM,4,1,150/150,CE,sgd,10,official fold 2,fold2,,2,0.7152684746008183,0.7278322893660162,0.6985171665940898,71.35946532100378,61.82833217027216,2.889459084604716,65,0.6709964394579778,0.7202913317483679
resnet18_lstm_L4_split3_seed0,resnet18_lstm_L4_split3,0,ResNet-18,LSTM,4,1,150/150,CE,sgd,10,official fold 3,fold3,,9,0.7078398819406013,0.7181700793211585,0.6965334094010566,78.66850061703002,61.83699870633894,2.7508264462809917,68,0.7102988722036341,0.7184077742478041
resnet18_lstm_L4_split3_seed1,resnet18_lstm_L4_split3,1,ResNet-18,LSTM,4,1,150/150,CE,sgd,10,official fold 3,fold3,,6,0.6927873086146468,0.7074340527577938,0.6847074494133318,79.07424683159978,59.07612231620038,3.065745856353591,68,0.7153912225340796,0.7096991216595029
resnet18_lstm_L4_split3_seed2,resnet18_lstm_L4_split3,2,ResNet-18,LSTM,4,1,150/150,CE,sgd,10,official fold 3,fold3,,9,0.7097952407304925,0.718575908503966,0.699203778247896,77.75964231846584,61.61879895561357,2.696286107290234,68,0.7114936210174306,0.7147449074939264
resnet18_lstm_L4_split4_seed0,resnet18_lstm_L4_split4,0,ResNet-18,LSTM,4,1,150/150,CE,sgd,10,official fold 4,fold4,,4,0.734037374077819,0.7394300265887728,0.7262405504942819,79.68029482954856,62.18034993270525,2.7934065934065933,67,0.6868145743145743,0.718198105963655
resnet18_lstm_L4_split4_seed1,resnet18_lstm_L4_split4,1,ResNet-18,LSTM,4,1,150/150,CE,sgd,10,official fold 4,fold4,,6,0.7247125791109613,0.7360596187694266,0.7312606961860694,79.15219937607996,63.29113924050633,2.9574175824175826,67,0.7205637796546888,0.7256572452374859
resnet18_lstm_L4_split4_seed2,resnet18_lstm_L4_split4,2,ResNet-18,LSTM,4,1,150/150,CE,sgd,10,official fold 4,fold4,,5,0.721042579485451,0.7272216604875856,0.7010477913462989,76.64549795146809,61.02150537634409,2.824142661179698,67,0.6980278559824014,0.7214523382939048
resnet18_lstm_L8_crossfocal7_split0_seed0,resnet18_lstm_L8_crossfocal7_split0,0,ResNet-18 + cross-focal attention,LSTM,8,7,150/150,CE,sgd,10,official fold 0,fold0,,8,0.6851239087580963,0.690122500704027,0.6771403554985644,76.10688233822562,58.38264299802761,3.380305131761442,67,0.7010790732564923,0.6974659474562459
resnet18_lstm_L8_hires448_split0_seed0,resnet18_lstm_L8_hires448_split0,0,ResNet-18,LSTM,8,1,150/150,CE,sgd,10,official fold 0,fold0,448px,7,0.7013869332582371,0.7099056603773585,0.712278517502398,81.75411238844073,60.63694267515923,2.9606648199445984,67,0.6889636349313768,0.7010361286817494
resnet18_mamba_L16_grouped_v2_seed0,resnet18_mamba_L16_grouped_v2,0,ResNet-18,selective SSM,16,1,150/150,CE,sgd,10,patient-grouped v2 (CLEAVE),grouped_v2,,6,0.6719932479954986,0.6803769869179913,0.6213059100699551,73.10724076173514,57.62532981530343,4.153544973544974,89,0.6467525954770853,0.7014925373134329
resnet18_mamba_L16_grouped_v2_seed1,resnet18_mamba_L16_grouped_v2,1,ResNet-18,selective SSM,16,1,150/150,CE,sgd,10,patient-grouped v2 (CLEAVE),grouped_v2,,7,0.6590519060346041,0.6643128428752286,0.5736259994686962,68.48486719273237,57.11171662125341,4.445270988310308,89,0.5922239891627646,0.671454050502206
resnet18_mamba_L16_grouped_v2_seed2,resnet18_mamba_L16_grouped_v2,2,ResNet-18,selective SSM,16,1,150/150,CE,sgd,10,patient-grouped v2 (CLEAVE),grouped_v2,,7,0.6679420452946969,0.6735968490645661,0.6060585481933797,72.33161033722831,55.71353343865192,3.271443965517242,89,0.6306884158924975,0.6809349479019995
resnet18_mamba_L16_maeinit_split0_seed0,resnet18_mamba_L16_maeinit_split0,0,ResNet-18,selective SSM,16,1,150/150,CE,sgd,10,official fold 0,fold0,MAE init,10,0.678083638411715,0.6877992114897212,0.6431033311630326,76.17400841281439,57.62256548018805,3.3583684950773556,67,0.5918414470833825,0.6798866855524079
resnet18_mamba_L16_multifocal3_split0_seed0,resnet18_mamba_L16_multifocal3_split0,0,ResNet-18,selective SSM,16,3,150/150,CE,sgd,10,official fold 0,fold0,,7,0.6932906223598986,0.6975851872711912,0.6824055712115413,74.17302846407324,56.46900269541779,3.2762035763411275,67,0.6592781322620032,0.685746439520354
resnet18_mamba_L16_split0_seed0,resnet18_mamba_L16_split0,0,ResNet-18,selective SSM,16,1,150/150,CE,sgd,10,official fold 0,fold0,,8,0.6875880033793298,0.6881512250070403,0.6511170007438665,69.39423760319283,54.054054054054056,3.395827538247566,67,0.6234249621346394,0.6768985990919322
resnet18_mamba_L16_split0_seed1,resnet18_mamba_L16_split0,1,ResNet-18,selective SSM,16,1,150/150,CE,sgd,10,official fold 0,fold0,,5,0.6672416220782879,0.6805829343846804,0.6214840714840716,69.07736956244419,55.29824561403509,3.6166666666666667,67,0.5995999520193069,0.6744926073964842
resnet18_mamba_L16_split0_seed2,resnet18_mamba_L16_split0,2,ResNet-18,selective SSM,16,1,150/150,CE,sgd,10,official fold 0,fold0,,8,0.6891720642072655,0.6992748521543227,0.6486661348601648,74.08418281552609,59.11262798634812,3.294036061026352,67,0.6436746497230368,0.6890061702045093
resnet18_mstcn_L64_evalfix_split0_seed0,resnet18_mstcn_L64_evalfix_split0,0,ResNet-18,MS-TCN,64,1,64/32,CE,adamw,10,official fold 0,fold0,,1,0.15738524359335399,0.15738524359335399,0.0,7.055597801866457,0.228310502283105,36.72339285714286,67,0.005376344086021505,0.19057782607008422
resnet18_node_L16_split0_seed0,resnet18_node_L16_split0,0,ResNet-18,ODE-RNN,16,1,150/150,CE,sgd,10,official fold 0,fold0,,10,0.6451703745423825,0.6770627992114897,0.5746792179627999,70.98221430310983,53.434065934065934,3.7422651933701654,67,0.5640660414853963,0.6703403314059528
resnet18_node_L16_split0_seed1,resnet18_node_L16_split0,1,ResNet-18,ODE-RNN,16,1,150/150,CE,sgd,10,official fold 0,fold0,,10,0.5667769642354267,0.5611447479583216,0.48013835252641224,62.68948298799045,43.45323741007194,5.875877192982456,67,0.48470297623523423,0.5801156428266522
resnet18_node_L16_split0_seed2,resnet18_node_L16_split0,2,ResNet-18,ODE-RNN,16,1,150/150,CE,sgd,10,official fold 0,fold0,,10,0.4122078287806252,0.4213953815826528,0.1900609340907848,55.963199321408275,16.878267363704257,10.076373626373627,67,0.18816685107007686,0.41212309363964456
resnet18_none_adamw_split0_seed0,resnet18_none_adamw_split0,0,ResNet-18,per-frame,1,1,150/150,CE,adamw,10,official fold 0,fold0,,6,0.6702337369754998,0.6883976344691636,0.6690059940059939,73.51607762055524,56.78358702845797,3.3619505494505493,67,0.6451401644950032,0.6864061469207187
resnet18_none_adamw_split0_seed1,resnet18_none_adamw_split0,1,ResNet-18,per-frame,1,1,150/150,CE,adamw,10,official fold 0,fold0,,9,0.6761475640664601,0.6989932413404675,0.6851804497326884,76.04153309377189,58.61618798955613,3.3232142857142852,67,0.6707370586402843,0.6875315301331056
resnet18_none_adamw_split0_seed2,resnet18_none_adamw_split0,2,ResNet-18,per-frame,1,1,150/150,CE,adamw,10,official fold 0,fold0,,2,0.6750211208110392,0.7080399887355674,0.704276030768568,73.76687160269249,60.01339584728734,2.994190871369295,67,0.6626993973768165,0.6906748418642555
resnet18_none_adamw_split1_seed0,resnet18_none_adamw_split1,0,ResNet-18,per-frame,1,1,150/150,CE,adamw,10,official fold 1,fold1,,9,0.6636938903896681,0.6853051104614588,0.6721236868777852,76.89817013587506,57.81922525107605,3.732396449704142,61,0.7040422825038211,0.7358462620802014
resnet18_none_adamw_split1_seed1,resnet18_none_adamw_split1,1,ResNet-18,per-frame,1,1,150/150,CE,adamw,10,official fold 1,fold1,,8,0.6566628427635718,0.6890426673574362,0.6574229504557373,74.69063723162085,57.59768451519537,3.604896142433234,61,0.6993348104886565,0.7345873292109453
resnet18_none_adamw_split1_seed2,resnet18_none_adamw_split1,2,ResNet-18,per-frame,1,1,150/150,CE,adamw,10,official fold 1,fold1,,10,0.6760537320060689,0.7065832809088555,0.6689727394645426,77.16753192163029,58.39311334289814,3.5493353028064996,61,0.7152545744853437,0.7349205761469249
resnet18_none_adamw_split2_seed0,resnet18_none_adamw_split2,0,ResNet-18,per-frame,1,1,150/150,CE,adamw,10,official fold 2,fold2,,10,0.7057460443897317,0.727542633694196,0.7037865126326666,75.32711732711734,61.25511596180082,2.970138888888889,65,0.6725840825840825,0.708781463451451
resnet18_none_adamw_split2_seed1,resnet18_none_adamw_split2,1,ResNet-18,per-frame,1,1,150/150,CE,adamw,10,official fold 2,fold2,,2,0.6965856837684203,0.7205546906115355,0.6958325435248512,71.76269030115186,59.429366736256085,2.8143258426966296,65,0.6927870847101617,0.7160647571606475
resnet18_none_adamw_split2_seed2,resnet18_none_adamw_split2,2,ResNet-18,per-frame,1,1,150/150,CE,adamw,10,official fold 2,fold2,,5,0.6997356891994642,0.7294616025200044,0.6970069673915829,73.82367205444129,60.73153899240856,2.774027777777778,65,0.6838896146588455,0.7215366617608212
resnet18_none_adamw_split3_seed0,resnet18_none_adamw_split3,0,ResNet-18,per-frame,1,1,150/150,CE,adamw,10,official fold 3,fold3,,10,0.6858882125069176,0.7185021213798192,0.6988144616821087,74.55667698314757,61.94926568758344,2.7037037037037033,68,0.702443632205537,0.7085404597271538
resnet18_none_adamw_split3_seed1,resnet18_none_adamw_split3,1,ResNet-18,per-frame,1,1,150/150,CE,adamw,10,official fold 3,fold3,,8,0.6885445489762037,0.7237410071942446,0.7308264039881687,74.7503150444327,61.08897742363878,2.6404924760601913,68,0.715675682342349,0.7272659316015698
resnet18_none_adamw_split3_seed2,resnet18_none_adamw_split3,2,ResNet-18,per-frame,1,1,150/150,CE,adamw,10,official fold 3,fold3,,7,0.6829367275410441,0.7044825677919203,0.7008717589599943,73.21962759462761,61.240827218145434,2.9213204951856944,68,0.7110405027071693,0.7216595028966548
resnet18_none_adamw_split4_seed0,resnet18_none_adamw_split4,0,ResNet-18,per-frame,1,1,150/150,CE,adamw,10,official fold 4,fold4,,3,0.6992472755870127,0.7342620679324421,0.7176712176712176,74.58208872387978,62.361111111111114,2.7042524005486968,67,0.704966624284806,0.7191853449851914
resnet18_none_adamw_split4_seed1,resnet18_none_adamw_split4,1,ResNet-18,per-frame,1,1,150/150,CE,adamw,10,official fold 4,fold4,,7,0.7003332958843576,0.727034415608733,0.7219217763993885,76.78838160181444,61.96610169491525,2.8362258953168045,67,0.7089220123311033,0.7150170024498154
resnet18_none_adamw_split4_seed2,resnet18_none_adamw_split4,2,ResNet-18,per-frame,1,1,150/150,CE,adamw,10,official fold 4,fold4,,3,0.6846047260607422,0.7155750290229562,0.6896994796248528,74.01921461622953,60.45865184155663,3.3031680440771347,67,0.6801596131141585,0.7133350396723829
resnet18_none_grouped_v2_seed0,resnet18_none_grouped_v2,0,ResNet-18,per-frame,1,1,150/150,CE,sgd,10,patient-grouped v2 (CLEAVE),grouped_v2,,1,0.6542129694753129,0.6845969897313264,0.6469619955575011,68.78923043248886,57.17344753747323,3.9837894736842108,89,0.6557017245792756,0.6871773209424575
resnet18_none_grouped_v2_seed1,resnet18_none_grouped_v2,1,ResNet-18,per-frame,1,1,150/150,CE,sgd,10,patient-grouped v2 (CLEAVE),grouped_v2,,3,0.6554508369672246,0.6899704599803067,0.6522442601094287,73.88614818390099,57.77548918640577,3.8998944033790917,89,0.6515876130672049,0.688773115554304
resnet18_none_grouped_v2_seed2,resnet18_none_grouped_v2,2,ResNet-18,per-frame,1,1,150/150,CE,sgd,10,patient-grouped v2 (CLEAVE),grouped_v2,,3,0.6563511042340695,0.6801237867491912,0.6506269947281184,72.92469234884966,58.466289243437984,3.396602972399151,89,0.6614577882435025,0.6991223129634845
resnet18_none_grouped_v2_trainclean3_seed0,resnet18_none_grouped_v2_trainclean3,0,ResNet-18,per-frame,1,1,150/150,CE,sgd,10,patient-grouped v2_trainclean_v3 (CLEAVE),grouped_v2_trainclean_v3,,5,0.6520748347165565,0.6859192572795049,0.66276847372353,73.0327038754005,58.49639546858908,3.4392781316348198,89,0.6952975312669191,0.6983478832253825
resnet18_none_grouped_v2_trainclean3_seed1,resnet18_none_grouped_v2_trainclean3,1,ResNet-18,per-frame,1,1,150/150,CE,sgd,10,patient-grouped v2_trainclean_v3 (CLEAVE),grouped_v2_trainclean_v3,,9,0.6623716415810944,0.6904487269658179,0.6835420821375878,75.81131103603013,59.00652282990466,3.1157782515991475,89,0.7043927444437648,0.6913310804468225
resnet18_none_grouped_v2_trainclean3_seed2,resnet18_none_grouped_v2_trainclean3,2,ResNet-18,per-frame,1,1,150/150,CE,sgd,10,patient-grouped v2_trainclean_v3 (CLEAVE),grouped_v2_trainclean_v3,,8,0.6683077788718526,0.7006892671261781,0.7059167112537899,73.05848022140157,60.163432073544435,2.993099787685775,89,0.6901828330399757,0.6931850183047029
resnet18_none_grouped_v2_trainclean_seed0,resnet18_none_grouped_v2_trainclean,0,ResNet-18,per-frame,1,1,150/150,CE,sgd,10,patient-grouped v2_trainclean_v1 (CLEAVE),grouped_v2_trainclean_v1,,10,0.6541848361232241,0.6799831199887466,0.6777283577845375,74.85435756503172,57.49235474006116,3.5259298618490966,89,0.66488602100847,0.6816859100722801
resnet18_none_grouped_v2_trainclean_seed1,resnet18_none_grouped_v2_trainclean,1,ResNet-18,per-frame,1,1,150/150,CE,sgd,10,patient-grouped v2_trainclean_v1 (CLEAVE),grouped_v2_trainclean_v1,,8,0.662793641862428,0.6940497960331974,0.6906013773991302,74.04111182201069,57.924050632911396,3.4679662802950477,89,0.6797324274365091,0.6893128696141931
resnet18_none_grouped_v2_trainclean_seed2,resnet18_none_grouped_v2_trainclean,2,ResNet-18,per-frame,1,1,150/150,CE,sgd,10,patient-grouped v2_trainclean_v1 (CLEAVE),grouped_v2_trainclean_v1,,4,0.6628217752145168,0.6829089886059924,0.660458954279179,68.22232698637194,56.72268907563025,3.455614406779661,89,0.6541527916527917,0.6821552614287055
resnet18_none_imagesplit_seed0,resnet18_none_imagesplit,0,ResNet-18,per-frame,1,1,150/150,CE,sgd,10,image-level (frames of every video split 70/10/20),image,,10,0.8759592680047226,0.8885035419126328,0.7923219503740976,79.97955904014187,81.63586315375541,1.1821661108464345,652,0.7825937482762636,0.8797062205571423
resnet18_none_split0_seed0,resnet18_none_split0,0,ResNet-18,per-frame,1,1,150/150,CE,sgd,10,official fold 0,fold0,,3,0.659638130104196,0.6832230357645733,0.6318106437509423,68.3324511309586,56.41025641025641,3.725379310344828,67,0.608725951467887,0.6923047072063332
resnet18_none_split0_seed1,resnet18_none_split0,1,ResNet-18,per-frame,1,1,150/150,CE,sgd,10,official fold 0,fold0,,3,0.6522810475922275,0.6823430019712757,0.6677128427128427,72.98755556218245,57.3549257759784,3.510330578512396,67,0.6617305633434664,0.6899375218285537
resnet18_none_split0_seed2,resnet18_none_split0,2,ResNet-18,per-frame,1,1,150/150,CE,sgd,10,official fold 0,fold0,,7,0.6662207828780625,0.6940298507462687,0.6804880028760626,75.76583449717779,57.519788918205805,3.979178082191781,67,0.6550627240143367,0.694322635725096
resnet18_none_split1_seed0,resnet18_none_split1,0,ResNet-18,per-frame,1,1,150/150,CE,sgd,10,official fold 1,fold1,,5,0.6771638974207157,0.7044739666210266,0.6392042838764149,72.56506699129652,58.876404494382015,4.125406203840472,61,0.6638491423106807,0.7239234272595994
resnet18_none_split1_seed1,resnet18_none_split1,1,ResNet-18,per-frame,1,1,150/150,CE,sgd,10,official fold 1,fold1,,6,0.6777929911556821,0.7129482292861636,0.6471662217563856,77.01850062505801,60.0,3.8531851851851853,61,0.6802855691317229,0.7322916280964195
resnet18_none_split1_seed2,resnet18_none_split1,2,ResNet-18,per-frame,1,1,150/150,CE,sgd,10,official fold 1,fold1,,3,0.6733153239832735,0.7009954483217999,0.6560528269544664,72.98342822932989,58.91238670694864,3.7539375928677563,61,0.7012460189383265,0.7325508201577369
resnet18_none_split2_seed0,resnet18_none_split2,0,ResNet-18,per-frame,1,1,150/150,CE,sgd,10,official fold 2,fold2,,3,0.7003874144610595,0.7288460842173866,0.6728169693554309,70.99753665138282,60.832745236414965,2.7844319775596076,65,0.6628307162922547,0.7105173780142647
resnet18_none_split2_seed1,resnet18_none_split2,1,ResNet-18,per-frame,1,1,150/150,CE,sgd,10,official fold 2,fold2,,4,0.7027408667945979,0.7234512473297368,0.6717087613241458,70.86468659545584,60.25280898876404,2.835376044568245,65,0.6651909201909202,0.7150458507868221
resnet18_none_split2_seed2,resnet18_none_split2,2,ResNet-18,per-frame,1,1,150/150,CE,sgd,10,official fold 2,fold2,,5,0.6981425830044534,0.7200840001448279,0.6822041206656592,72.78593201670127,59.93031358885017,2.8812239221140477,65,0.6731759266374652,0.730178497301785
resnet18_none_split3_seed0,resnet18_none_split3,0,ResNet-18,per-frame,1,1,150/150,CE,sgd,10,official fold 3,fold3,,10,0.6831211953514111,0.7031912931193507,0.6960505997270703,71.66906622788976,58.65384615384615,2.813736263736263,68,0.6711929604786748,0.7067090263502149
resnet18_none_split3_seed1,resnet18_none_split3,1,ResNet-18,per-frame,1,1,150/150,CE,sgd,10,official fold 3,fold3,,7,0.6834163438479985,0.7133739162516141,0.70463515242927,70.76310943958003,60.85164835164834,2.90728021978022,68,0.7052593790689029,0.7201644552420109
resnet18_none_split3_seed2,resnet18_none_split3,2,ResNet-18,per-frame,1,1,150/150,CE,sgd,10,official fold 3,fold3,,4,0.6816823464305478,0.7113078767755027,0.6719458645929235,67.69565401918344,59.84363894811656,2.814148351648352,68,0.6795782260067973,0.6997944309474865
resnet18_none_split4_seed0,resnet18_none_split4,0,ResNet-18,per-frame,1,1,150/150,CE,sgd,10,official fold 4,fold4,,3,0.7037037037037037,0.7407032917649702,0.6975099527338332,71.38297440536246,62.339514978602,2.8357734806629837,67,0.6945276945276945,0.7194412958426268
resnet18_none_split4_seed1,resnet18_none_split4,1,ResNet-18,per-frame,1,1,150/150,CE,sgd,10,official fold 4,fold4,,4,0.6978991124592743,0.7275587012695203,0.7010963331858854,73.74191314489823,62.62341325811002,2.999862448418157,67,0.7013877116149843,0.7142125854693042
resnet18_none_split4_seed2,resnet18_none_split4,2,ResNet-18,per-frame,1,1,150/150,CE,sgd,10,official fold 4,fold4,,5,0.7025802344305884,0.7242631914017151,0.6948815280904832,72.83854619675515,61.23595505617978,3.010136986301369,67,0.694508942236215,0.7138835057954587
resnet18_relpos_L64_crossfocal7_evalfix_split0_seed0,resnet18_relpos_L64_crossfocal7_evalfix_split0,0,ResNet-18 + cross-focal attention,transformer (rotary),64,7,64/32,CE,adamw,10,official fold 0,fold0,,5,0.6270768797521825,0.6406998028724303,0.5641881750090706,65.87404718001734,48.52411807055436,4.464235624123422,67,0.5270222608932287,0.6170980635647484
resnet18_relpos_L64_crossfocal7_evalfix_split0_seed1,resnet18_relpos_L64_crossfocal7_evalfix_split0,1,ResNet-18 + cross-focal attention,transformer (rotary),64,7,64/32,CE,adamw,10,official fold 0,fold0,,6,0.6756195437904815,0.6880456209518445,0.649185805902224,69.30873438336127,57.082748948106584,3.1565826330532216,67,0.5967828318634771,0.6397221467654934
resnet18_tcn_L16_grouped_v2_seed0,resnet18_tcn_L16_grouped_v2,0,ResNet-18,TCN,16,1,150/150,CE,sgd,10,patient-grouped v2 (CLEAVE),grouped_v2,,6,0.6756505837670559,0.689013926009284,0.6641608703406456,74.43064270311461,58.81748071979435,3.1886143931256714,89,0.6760493191615642,0.698394818361025
resnet18_tcn_L16_grouped_v2_seed1,resnet18_tcn_L16_grouped_v2,1,ResNet-18,TCN,16,1,150/150,CE,sgd,10,patient-grouped v2 (CLEAVE),grouped_v2,,9,0.6963004642003094,0.6999577999718667,0.6581975452761969,71.96436989976317,58.46477392218718,3.0619658119658117,89,0.6832972299809034,0.7036280859851685
resnet18_tcn_L16_grouped_v2_seed2,resnet18_tcn_L16_grouped_v2,2,ResNet-18,TCN,16,1,150/150,CE,sgd,10,patient-grouped v2 (CLEAVE),grouped_v2,,6,0.684146856097904,0.6888732592488395,0.6512328495474563,72.35586354968378,57.943925233644855,3.3843551797040172,89,0.6769054924667169,0.7045667886980194
resnet18_tcn_L16_split0_seed0,resnet18_tcn_L16_split0,0,ResNet-18,TCN,16,1,150/150,CE,sgd,10,official fold 0,fold0,,10,0.7004364967614757,0.7051886792452831,0.6961137535764401,74.13378495468048,60.175794455713316,3.67202216066482,67,0.699680785164656,0.7101556133338508
resnet18_tcn_L16_split0_seed1,resnet18_tcn_L16_split0,1,ResNet-18,TCN,16,1,150/150,CE,sgd,10,official fold 0,fold0,,8,0.6960715291467192,0.6969867642917488,0.6729397882382958,73.92879094371632,59.31972789115646,3.4344875346260393,67,0.6732390817068237,0.6968838526912181
resnet18_tcn_L16_split0_seed2,resnet18_tcn_L16_split0,2,ResNet-18,TCN,16,1,150/150,CE,sgd,10,official fold 0,fold0,,7,0.6900872993522952,0.6943114615601239,0.669897971017374,75.13206528131903,59.33917734322319,3.3514522821576764,67,0.647192010498462,0.688230043851139
resnet18_transformer_L16_adamw_split0_seed0,resnet18_transformer_L16_adamw_split0,0,ResNet-18,transformer,16,1,150/150,CE,adamw,10,official fold 0,fold0,,6,0.5103139960574486,0.49376936074345257,0.36023226359047256,56.71308790711776,32.89777094542659,7.145870206489676,67,0.38432365125913515,0.49450890604990494
resnet18_transformer_L16_crossfocal7_e20_evalfix_split0_seed0,resnet18_transformer_L16_crossfocal7_e20_evalfix_split0,0,ResNet-18 + cross-focal attention,transformer,16,7,16/8,CE,adamw,20,official fold 0,fold0,20 epochs,20,0.7106448887637286,0.7325401295409744,0.7488687928986436,82.5613441285083,63.79421221864951,2.609103448275862,67,0.7192399894012798,0.7180721021382281
resnet18_transformer_L16_crossfocal7_e20_evalfix_split0_seed1,resnet18_transformer_L16_crossfocal7_e20_evalfix_split0,1,ResNet-18 + cross-focal attention,transformer,16,7,16/8,CE,adamw,20,official fold 0,fold0,20 epochs,16,0.7105040833568009,0.7194452266967052,0.7217002731928103,79.54552909776791,62.38651102464332,2.9371349095966615,67,0.7067139849397914,0.7034033140595289
resnet18_transformer_L16_crossfocal7_e20_evalfix_split0_seed2,resnet18_transformer_L16_crossfocal7_e20_evalfix_split0,2,ResNet-18 + cross-focal attention,transformer,16,7,16/8,CE,adamw,20,official fold 0,fold0,20 epochs,16,0.7155378766544636,0.7170163334272036,0.7287783526589496,80.65169904722143,63.51706036745407,3.0127247579529737,67,0.721550582034453,0.7156661104427801
resnet18_transformer_L16_crossfocal7_evalfix_grouped_v1_seed0,resnet18_transformer_L16_crossfocal7_evalfix_grouped_v1,0,ResNet-18 + cross-focal attention,transformer,16,7,16/8,CE,adamw,10,patient-grouped (CLEAVE),grouped,,10,0.7312699457980852,0.7425915607112101,0.7216253942816443,79.36795553983053,64.80293308890926,2.5109300095877276,96,0.7069890109890109,0.7237861065790381
resnet18_transformer_L16_crossfocal7_evalfix_grouped_v1_seed1,resnet18_transformer_L16_crossfocal7_evalfix_grouped_v1,1,ResNet-18 + cross-focal attention,transformer,16,7,16/8,CE,adamw,10,patient-grouped (CLEAVE),grouped,,9,0.7369940732485689,0.7445671445215541,0.7337281063843565,78.9496310980686,65.61631139944393,2.473224568138196,96,0.7182059329559332,0.7176275938139118
resnet18_transformer_L16_crossfocal7_evalfix_grouped_v1_seed2,resnet18_transformer_L16_crossfocal7_evalfix_grouped_v1,2,ResNet-18 + cross-focal attention,transformer,16,7,16/8,CE,adamw,10,patient-grouped (CLEAVE),grouped,,10,0.7378552251658984,0.7512790638772099,0.7454037571225071,79.72976097976097,66.72785681505277,2.411036468330134,96,0.7068252303252307,0.7249580623664315
resnet18_transformer_L16_crossfocal7_evalfix_grouped_v2_seed0,resnet18_transformer_L16_crossfocal7_evalfix_grouped_v2,0,ResNet-18 + cross-focal attention,transformer,16,7,16/8,CE,adamw,10,patient-grouped v2 (CLEAVE),grouped_v2,,10,0.7255028836685891,0.7385848923899283,0.7564744868115655,79.92643904160758,65.36926147704591,2.4318423855165068,89,0.7400208351738964,0.7248192997277763
resnet18_transformer_L16_crossfocal7_evalfix_grouped_v2_seed1,resnet18_transformer_L16_crossfocal7_evalfix_grouped_v2,1,ResNet-18 + cross-focal attention,transformer,16,7,16/8,CE,adamw,10,patient-grouped v2 (CLEAVE),grouped_v2,,9,0.7168659445772964,0.7268532845688563,0.7226668774421582,78.19278567874073,64.29298067141403,3.0545934530095034,89,0.7307186577594741,0.7248192997277763
resnet18_transformer_L16_crossfocal7_evalfix_grouped_v2_seed2,resnet18_transformer_L16_crossfocal7_evalfix_grouped_v2,2,ResNet-18 + cross-focal attention,transformer,16,7,16/8,CE,adamw,10,patient-grouped v2 (CLEAVE),grouped_v2,,6,0.7090167393444929,0.7172316781544521,0.7003732846429476,74.00128117824747,60.06322444678609,3.3393008474576273,89,0.7050027636762329,0.7235051159297851
resnet18_transformer_L16_crossfocal7_evalfix_grouped_v2_trainclean3_seed0,resnet18_transformer_L16_crossfocal7_evalfix_grouped_v2_trainclean3,0,ResNet-18 + cross-focal attention,transformer,16,7,16/8,CE,adamw,10,patient-grouped v2_trainclean_v3 (CLEAVE),grouped_v2_trainclean_v3,,10,0.732930088620059,0.7447742298494866,0.7442424616581921,81.13592088311188,64.91575817641228,2.4268577494692147,89,0.7472585804218458,0.7235755186332489
resnet18_transformer_L16_crossfocal7_evalfix_grouped_v2_trainclean3_seed1,resnet18_transformer_L16_crossfocal7_evalfix_grouped_v2_trainclean3,1,ResNet-18 + cross-focal attention,transformer,16,7,16/8,CE,adamw,10,patient-grouped v2_trainclean_v3 (CLEAVE),grouped_v2_trainclean_v3,,10,0.7242650161766775,0.7293571529047687,0.7333151866859731,80.38634742286428,65.08407517309594,2.508324439701174,89,0.7275043267390207,0.725405988923308
resnet18_transformer_L16_crossfocal7_evalfix_grouped_v2_trainclean3_seed2,resnet18_transformer_L16_crossfocal7_evalfix_grouped_v2_trainclean3,2,ResNet-18 + cross-focal attention,transformer,16,7,16/8,CE,adamw,10,patient-grouped v2_trainclean_v3 (CLEAVE),grouped_v2_trainclean_v3,,10,0.7269376846251231,0.7385848923899283,0.7520408742318855,80.2349320467298,65.27777777777779,2.5001062699256114,89,0.7520320665728828,0.7262273537970525
resnet18_transformer_L16_crossfocal7_evalfix_grouped_v2_trainclean_seed0,resnet18_transformer_L16_crossfocal7_evalfix_grouped_v2_trainclean,0,ResNet-18 + cross-focal attention,transformer,16,7,16/8,CE,adamw,10,patient-grouped v2_trainclean_v1 (CLEAVE),grouped_v2_trainclean_v1,,10,0.7234491489660994,0.7245744830496553,0.737637799154653,79.64993028195275,64.35742971887551,2.721558164354322,89,0.7495497416415786,0.7251009105416315
resnet18_transformer_L16_crossfocal7_evalfix_grouped_v2_trainclean_seed1,resnet18_transformer_L16_crossfocal7_evalfix_grouped_v2_trainclean,1,ResNet-18 + cross-focal attention,transformer,16,7,16/8,CE,adamw,10,patient-grouped v2_trainclean_v1 (CLEAVE),grouped_v2_trainclean_v1,,9,0.7070755380503587,0.7125615417076945,0.7250574020236943,77.61640201246942,62.55731023942944,2.825827107790822,89,0.7212029750295058,0.7150098563784849
resnet18_transformer_L16_crossfocal7_evalfix_grouped_v2_trainclean_seed2,resnet18_transformer_L16_crossfocal7_evalfix_grouped_v2_trainclean,2,ResNet-18 + cross-focal attention,transformer,16,7,16/8,CE,adamw,10,patient-grouped v2_trainclean_v1 (CLEAVE),grouped_v2_trainclean_v1,,10,0.7302855535237024,0.7492474328316219,0.7467996423052603,80.3815161118532,65.53615960099751,2.556656017039404,89,0.7434176367849838,0.7240683375574956
resnet18_transformer_L16_crossfocal7_evalfix_split0_seed0,resnet18_transformer_L16_crossfocal7_evalfix_split0,0,ResNet-18 + cross-focal attention,transformer,16,7,16/8,CE,adamw,10,official fold 0,fold0,,10,0.7133201914953534,0.7216277105040834,0.7330110602498662,79.7479841882827,63.71911573472041,2.79251040221914,67,0.7135471607245801,0.7091854553921378
resnet18_transformer_L16_crossfocal7_evalfix_split0_seed1,resnet18_transformer_L16_crossfocal7_evalfix_split0,1,ResNet-18 + cross-focal attention,transformer,16,7,16/8,CE,adamw,10,official fold 0,fold0,,10,0.707089552238806,0.7170515347789355,0.7203019203019202,79.80743137459555,63.86554621848739,2.7575589459084604,67,0.704917170642977,0.7128332492529784
resnet18_transformer_L16_crossfocal7_evalfix_split0_seed2,resnet18_transformer_L16_crossfocal7_evalfix_split0,2,ResNet-18 + cross-focal attention,transformer,16,7,16/8,CE,adamw,10,official fold 0,fold0,,10,0.7059983103351168,0.7175091523514503,0.7311323005352856,78.76637044547493,62.30366492146597,2.8645746164574613,67,0.7138083242921951,0.7124063797586248
resnet18_transformer_L16_crossfocal7_evalfix_split1_seed0,resnet18_transformer_L16_crossfocal7_evalfix_split1,0,ResNet-18 + cross-focal attention,transformer,16,7,16/8,CE,adamw,10,official fold 1,fold1,,10,0.7015505310291233,0.7145024608666691,0.7026853838329248,81.59274241241455,61.44156752974108,3.1687407407407404,61,0.7654670116208578,0.7710223275447107
resnet18_transformer_L16_crossfocal7_evalfix_split1_seed1,resnet18_transformer_L16_crossfocal7_evalfix_split1,1,ResNet-18 + cross-focal attention,transformer,16,7,16/8,CE,adamw,10,official fold 1,fold1,,10,0.7236058172667728,0.735003515523813,0.7226441136277201,82.72992035287119,64.50704225352113,3.002674591381872,61,0.7726313430159583,0.7636168400784982
resnet18_transformer_L16_crossfocal7_evalfix_split1_seed2,resnet18_transformer_L16_crossfocal7_evalfix_split1,2,ResNet-18 + cross-focal attention,transformer,16,7,16/8,CE,adamw,10,official fold 1,fold1,,10,0.7139473781593457,0.7235688117529512,0.7267243685276472,81.34363814691685,62.35955056179775,3.091875923190546,61,0.7685998189844344,0.7785388973229163
resnet18_transformer_L16_crossfocal7_evalfix_split2_seed0,resnet18_transformer_L16_crossfocal7_evalfix_split2,0,ResNet-18 + cross-focal attention,transformer,16,7,16/8,CE,adamw,10,official fold 2,fold2,,8,0.7461168036496615,0.7450668018393135,0.7446016803709111,79.6890545352084,65.55851063829788,2.3632454923717057,65,0.7236787998326459,0.7443677119891317
resnet18_transformer_L16_crossfocal7_evalfix_split2_seed1,resnet18_transformer_L16_crossfocal7_evalfix_split2,1,ResNet-18 + cross-focal attention,transformer,16,7,16/8,CE,adamw,10,official fold 2,fold2,,10,0.7695789130670915,0.7721134001955176,0.7603374830297907,81.76868857638088,66.88654353562006,2.153546592489569,65,0.750132517055594,0.762745763991094
resnet18_transformer_L16_crossfocal7_evalfix_split2_seed2,resnet18_transformer_L16_crossfocal7_evalfix_split2,2,ResNet-18 + cross-focal attention,transformer,16,7,16/8,CE,adamw,10,official fold 2,fold2,,10,0.7667909772258228,0.7695427061081139,0.7645753818830742,80.70153350922581,66.93017127799736,2.096094839609484,65,0.7431739200969969,0.7463300501905732
resnet18_transformer_L16_crossfocal7_evalfix_split3_seed0,resnet18_transformer_L16_crossfocal7_evalfix_split3,0,ResNet-18 + cross-focal attention,transformer,16,7,16/8,CE,adamw,10,official fold 3,fold3,,9,0.7425567238516879,0.7561335546947058,0.762408424908425,78.13836898395724,65.07304116865869,2.2828296703296704,68,0.7576291433434289,0.7449074939263689
resnet18_transformer_L16_crossfocal7_evalfix_split3_seed1,resnet18_transformer_L16_crossfocal7_evalfix_split3,1,ResNet-18 + cross-focal attention,transformer,16,7,16/8,CE,adamw,10,official fold 3,fold3,,10,0.7376129865338499,0.7464305478693968,0.7512970281352633,79.82905574817342,63.60655737704918,2.313150684931507,68,0.7401802782755164,0.7351523079798169
resnet18_transformer_L16_crossfocal7_evalfix_split3_seed2,resnet18_transformer_L16_crossfocal7_evalfix_split3,2,ResNet-18 + cross-focal attention,transformer,16,7,16/8,CE,adamw,10,official fold 3,fold3,,10,0.7425567238516879,0.7563180225050729,0.782519359725242,80.66551504051505,65.92977893368011,2.1645205479452057,68,0.7381471262423643,0.7347411698747898
resnet18_transformer_L16_crossfocal7_evalfix_split4_seed0,resnet18_transformer_L16_crossfocal7_evalfix_split4,0,ResNet-18 + cross-focal attention,transformer,16,7,16/8,CE,adamw,10,official fold 4,fold4,,10,0.7596524735048497,0.7643335954761638,0.782614814704367,82.20673190822446,66.97490092470278,2.2167812929848694,67,0.763218389354753,0.745036381586164
resnet18_transformer_L16_crossfocal7_evalfix_split4_seed1,resnet18_transformer_L16_crossfocal7_evalfix_split4,1,ResNet-18 + cross-focal attention,transformer,16,7,16/8,CE,adamw,10,official fold 4,fold4,,8,0.7492416582406471,0.7599146163352433,0.7628273882005226,79.51875653368192,65.54054054054053,2.380137931034483,67,0.7487880385607658,0.727814545321584
resnet18_transformer_L16_crossfocal7_evalfix_split4_seed2,resnet18_transformer_L16_crossfocal7_evalfix_split4,2,ResNet-18 + cross-focal attention,transformer,16,7,16/8,CE,adamw,10,official fold 4,fold4,,10,0.7508145152230087,0.763696962888065,0.7645000936045712,80.66116304922275,67.24598930481284,2.380721220527046,67,0.7530686485231941,0.7354565066364401
resnet18_transformer_L16_crossfocal7_recipe_e20_evalfix_split0_seed0,resnet18_transformer_L16_crossfocal7_recipe_e20_evalfix_split0,0,ResNet-18 + cross-focal attention,transformer,16,7,16/8,ce_tls,adamw,20,official fold 0,fold0,tuned recipe (Methods),swa5,0.7121937482399324,0.7263446916361588,0.7422239866269718,81.800115307578,62.61437908496732,2.7063448275862063,67,0.7259419791677856,0.7195467422096318
resnet18_transformer_L16_crossfocal7_recipe_e20_evalfix_split0_seed1,resnet18_transformer_L16_crossfocal7_recipe_e20_evalfix_split0,1,ResNet-18 + cross-focal attention,transformer,16,7,16/8,ce_tls,adamw,20,official fold 0,fold0,tuned recipe (Methods),swa5,0.7235285834976063,0.7328569417065616,0.7614058412565875,81.02007859470547,65.04279131007242,2.9131396957123097,67,0.7297228756906174,0.7172959757848578
resnet18_transformer_L16_crossfocal7_recipe_e20_evalfix_split0_seed2,resnet18_transformer_L16_crossfocal7_recipe_e20_evalfix_split0,2,ResNet-18 + cross-focal attention,transformer,16,7,16/8,ce_tls,adamw,20,official fold 0,fold0,tuned recipe (Methods),18,0.7131793860884258,0.7188116023655309,0.7414596597432418,81.46653098145636,63.035019455252915,2.7740331491712706,67,0.7096765241926531,0.6976211727269199
resnet18_transformer_L16_crossfocal7_recipe_e20_evalfix_split1_seed0,resnet18_transformer_L16_crossfocal7_recipe_e20_evalfix_split1,0,ResNet-18 + cross-focal attention,transformer,16,7,16/8,ce_tls,adamw,20,official fold 1,fold1,tuned recipe (Methods),20,0.7303408207822966,0.7478444288198942,0.7388468999124737,84.44813838256462,64.2407277816655,2.9977744807121662,61,0.7845046406584867,0.7727255896619395
resnet18_transformer_L16_crossfocal7_recipe_e20_evalfix_split1_seed1,resnet18_transformer_L16_crossfocal7_recipe_e20_evalfix_split1,1,ResNet-18 + cross-focal attention,transformer,16,7,16/8,ce_tls,adamw,20,official fold 1,fold1,tuned recipe (Methods),20,0.723753839322059,0.7257151315546017,0.7431719464506349,81.87376375900966,63.23943661971831,2.9783703703703703,61,0.7867823202438586,0.7755767023364313
resnet18_transformer_L16_crossfocal7_recipe_e20_evalfix_split1_seed2,resnet18_transformer_L16_crossfocal7_recipe_e20_evalfix_split1,2,ResNet-18 + cross-focal attention,transformer,16,7,16/8,ce_tls,adamw,20,official fold 1,fold1,tuned recipe (Methods),20,0.7128372127446989,0.7192761721496503,0.7262535733847207,82.86481278284558,62.38532110091744,3.169642857142857,61,0.7706451667990128,0.7693560928648129
resnet18_transformer_L16_crossfocal7_recipe_e20_evalfix_split2_seed0,resnet18_transformer_L16_crossfocal7_recipe_e20_evalfix_split2,0,ResNet-18 + cross-focal attention,transformer,16,7,16/8,ce_tls,adamw,20,official fold 2,fold2,tuned recipe (Methods),20,0.7692892573952713,0.768565118215721,0.7754244473475242,79.3668254822101,66.05263157894737,2.1865277777777776,65,0.7498514733130116,0.7580286048530133
resnet18_transformer_L16_crossfocal7_recipe_e20_evalfix_split2_seed1,resnet18_transformer_L16_crossfocal7_recipe_e20_evalfix_split2,1,ResNet-18 + cross-focal attention,transformer,16,7,16/8,ce_tls,adamw,20,official fold 2,fold2,tuned recipe (Methods),swa5,0.7794272059089757,0.7797530685397733,0.767103324026401,80.6468702237933,67.5925925925926,2.2576388888888888,65,0.7336980113903192,0.755613419374316
resnet18_transformer_L16_crossfocal7_recipe_e20_evalfix_split2_seed2,resnet18_transformer_L16_crossfocal7_recipe_e20_evalfix_split2,2,ResNet-18 + cross-focal attention,transformer,16,7,16/8,ce_tls,adamw,20,official fold 2,fold2,tuned recipe (Methods),19,0.767225460733553,0.7718599514826749,0.7710908322446783,79.1975033513495,67.20214190093708,2.2560669456066944,65,0.7508133319671781,0.7525944375259443
resnet18_transformer_L16_crossfocal7_recipe_e20_evalfix_split3_seed0,resnet18_transformer_L16_crossfocal7_recipe_e20_evalfix_split3,0,ResNet-18 + cross-focal attention,transformer,16,7,16/8,ce_tls,adamw,20,official fold 3,fold3,tuned recipe (Methods),19,0.7441800405829183,0.7522228371149234,0.7733707469001586,78.40004766475354,65.12854317732366,2.380027359781122,68,0.7683044028282123,0.7355260698934779
resnet18_transformer_L16_crossfocal7_recipe_e20_evalfix_split3_seed1,resnet18_transformer_L16_crossfocal7_recipe_e20_evalfix_split3,1,ResNet-18 + cross-focal attention,transformer,16,7,16/8,ce_tls,adamw,20,official fold 3,fold3,tuned recipe (Methods),17,0.741154768492898,0.7606714628297362,0.777416496901791,79.1459071973778,66.75479180436218,2.283514986376022,68,0.7491022205307919,0.742328536722108
resnet18_transformer_L16_crossfocal7_recipe_e20_evalfix_split3_seed2,resnet18_transformer_L16_crossfocal7_recipe_e20_evalfix_split3,2,ResNet-18 + cross-focal attention,transformer,16,7,16/8,ce_tls,adamw,20,official fold 3,fold3,tuned recipe (Methods),18,0.7282051282051282,0.7493451392731968,0.7572546734311439,77.67637999255646,64.3908969210174,2.3794801641586867,68,0.7501156251156251,0.7357503270416744
resnet18_transformer_L16_crossfocal7_recipe_e20_evalfix_split4_seed0,resnet18_transformer_L16_crossfocal7_recipe_e20_evalfix_split4,0,ResNet-18 + cross-focal attention,transformer,16,7,16/8,ce_tls,adamw,20,official fold 4,fold4,tuned recipe (Methods),17,0.7806613489121073,0.7943302250683444,0.7919441669441668,81.56928892003519,69.1588785046729,2.0373961218836567,67,0.7749013612649976,0.7440491425646276
resnet18_transformer_L16_crossfocal7_recipe_e20_evalfix_split4_seed1,resnet18_transformer_L16_crossfocal7_recipe_e20_evalfix_split4,1,ResNet-18 + cross-focal attention,transformer,16,7,16/8,ce_tls,adamw,20,official fold 4,fold4,tuned recipe (Methods),19,0.7794629816874509,0.7832078792645021,0.7774504517041829,80.57238781119378,68.4315023163468,2.155862068965517,67,0.7581096092459729,0.7423306153789901
resnet18_transformer_L16_crossfocal7_recipe_e20_evalfix_split4_seed2,resnet18_transformer_L16_crossfocal7_recipe_e20_evalfix_split4,2,ResNet-18 + cross-focal attention,transformer,16,7,16/8,ce_tls,adamw,20,official fold 4,fold4,tuned recipe (Methods),20,0.7796127775905329,0.7893869602666367,0.7893424568797701,81.90269514896379,67.99468791500664,2.1334710743801653,67,0.7564909417182144,0.7287652199349154
resnet18_transformer_L16_e20_evalfix_split0_seed0,resnet18_transformer_L16_e20_evalfix_split0,0,ResNet-18,transformer,16,1,16/8,CE,adamw,20,official fold 0,fold0,20 epochs,18,0.7005421008166713,0.7188468037172627,0.7318703270195808,78.88200108349362,62.327416173570015,2.767222222222222,67,0.7182534311566569,0.7182661337265707
resnet18_transformer_L16_e20_evalfix_split0_seed1,resnet18_transformer_L16_e20_evalfix_split0,1,ResNet-18,transformer,16,1,16/8,CE,adamw,20,official fold 0,fold0,20 epochs,16,0.7078639819769079,0.714235426640383,0.7142829807008909,79.17056823773243,60.921052631578945,3.297233748271092,67,0.7026918869660803,0.7078660405914082
resnet18_transformer_L16_e20_evalfix_split0_seed2,resnet18_transformer_L16_e20_evalfix_split0,2,ResNet-18,transformer,16,1,16/8,CE,adamw,20,official fold 0,fold0,20 epochs,17,0.7050126724866235,0.7198324415657561,0.7300285535360161,78.1784757531026,61.25412541254125,2.84536652835408,67,0.7083652011071365,0.7130272808413209
resnet18_transformer_L16_evalfix_grouped_v1_seed0,resnet18_transformer_L16_evalfix_grouped_v1,0,ResNet-18,transformer,16,1,16/8,CE,adamw,10,patient-grouped (CLEAVE),grouped,,9,0.7167823311888962,0.7247099944278406,0.6936589452214452,79.31988006206757,62.18332565637955,2.775,96,0.7002902375402377,0.7111933267458694
resnet18_transformer_L16_evalfix_grouped_v1_seed1,resnet18_transformer_L16_evalfix_grouped_v1,1,ResNet-18,transformer,16,1,16/8,CE,adamw,10,patient-grouped (CLEAVE),grouped,,9,0.7178714350843423,0.7286358340509599,0.7027440730565729,78.31943085849336,62.46524559777572,2.75,96,0.6899255189255189,0.7131465863915252
resnet18_transformer_L16_evalfix_grouped_v1_seed2,resnet18_transformer_L16_evalfix_grouped_v1,2,ResNet-18,transformer,16,1,16/8,CE,adamw,10,patient-grouped (CLEAVE),grouped,,7,0.7164024112253685,0.7252672103743478,0.6902057433307434,73.87259297415547,59.87506006727534,2.8384467881112174,96,0.6684975302475302,0.7097456166555599
resnet18_transformer_L16_evalfix_grouped_v2_seed0,resnet18_transformer_L16_evalfix_grouped_v2,0,ResNet-18,transformer,16,1,16/8,CE,adamw,10,patient-grouped v2 (CLEAVE),grouped_v2,,9,0.6966099310732874,0.7111548741032494,0.7080486305205407,76.8179230257882,61.554192229038854,2.8661307609860662,89,0.685661135916238,0.7081338590068526
resnet18_transformer_L16_evalfix_grouped_v2_seed1,resnet18_transformer_L16_evalfix_grouped_v2,1,ResNet-18,transformer,16,1,16/8,CE,adamw,10,patient-grouped v2 (CLEAVE),grouped_v2,,9,0.6930369953579969,0.700717400478267,0.6768766813710634,77.16332980377925,61.01522842639594,3.1061767838125665,89,0.682697970963277,0.7026189805688539
resnet18_transformer_L16_evalfix_grouped_v2_seed2,resnet18_transformer_L16_evalfix_grouped_v2,2,ResNet-18,transformer,16,1,16/8,CE,adamw,10,patient-grouped v2 (CLEAVE),grouped_v2,,9,0.6975383316922211,0.7071036714024476,0.6967040450186518,76.24324645392062,62.10092687950567,2.713582887700535,89,0.7037106317718562,0.7108326293062986
resnet18_transformer_L16_evalfix_split0_seed0,resnet18_transformer_L16_evalfix_split0,0,ResNet-18,transformer,16,1,16/8,CE,adamw,10,official fold 0,fold0,,9,0.7043438468037173,0.7114897212052943,0.7194443616085406,76.76303795706781,61.62089752176825,2.9790055248618788,67,0.6690787706916739,0.7017346423997827
resnet18_transformer_L16_evalfix_split0_seed1,resnet18_transformer_L16_evalfix_split0,1,ResNet-18,transformer,16,1,16/8,CE,adamw,10,official fold 0,fold0,,10,0.7012461278513095,0.7100816671360181,0.7156371406371406,78.36865042088922,62.08718626155878,3.15595567867036,67,0.6766220786382077,0.6983972990802902
resnet18_transformer_L16_evalfix_split0_seed2,resnet18_transformer_L16_evalfix_split0,2,ResNet-18,transformer,16,1,16/8,CE,adamw,10,official fold 0,fold0,,9,0.7058223035764574,0.7156082793579274,0.7071720982168743,76.40471883009197,61.32264529058116,2.837638888888889,67,0.6820554893135538,0.7129884745236524
resnet18_transformer_L16_evalfix_split1_seed0,resnet18_transformer_L16_evalfix_split1,0,ResNet-18,transformer,16,1,16/8,CE,adamw,10,official fold 1,fold1,,9,0.7093586944454724,0.7310439255449062,0.7057902934952115,81.53809760367139,63.98852223816356,3.2644017725258494,61,0.7439948513025436,0.7595067945347502
resnet18_transformer_L16_evalfix_split1_seed1,resnet18_transformer_L16_evalfix_split1,1,ResNet-18,transformer,16,1,16/8,CE,adamw,10,official fold 1,fold1,,10,0.7174258964585724,0.7327091736668764,0.7122746106352662,80.93280580985501,63.50574712643679,3.2094674556213016,61,0.7551618467003081,0.7606546450920132
resnet18_transformer_L16_evalfix_split1_seed2,resnet18_transformer_L16_evalfix_split1,2,ResNet-18,transformer,16,1,16/8,CE,adamw,10,official fold 1,fold1,,9,0.7149835325463494,0.7336713170262369,0.6887642412232577,81.7941393761066,62.59870782483847,3.083606557377049,61,0.7411611892381123,0.7556189136149887
resnet18_transformer_L16_evalfix_split2_seed0,resnet18_transformer_L16_evalfix_split2,0,ResNet-18,transformer,16,1,16/8,CE,adamw,10,official fold 2,fold2,,9,0.7420254172852022,0.7430030051775951,0.7140231136384984,75.60829768522076,63.25136612021858,2.5618513323983167,65,0.711325981710597,0.7374617910109815
resnet18_transformer_L16_evalfix_split2_seed1,resnet18_transformer_L16_evalfix_split2,1,ResNet-18,transformer,16,1,16/8,CE,adamw,10,official fold 2,fold2,,10,0.746225424526594,0.7481081863934248,0.7364035110188957,77.03728322959094,65.04723346828611,2.3222222222222224,65,0.7139152300690762,0.7282538963734481
resnet18_transformer_L16_evalfix_split2_seed2,resnet18_transformer_L16_evalfix_split2,2,ResNet-18,transformer,16,1,16/8,CE,adamw,10,official fold 2,fold2,,9,0.7431116260545276,0.7452478366342011,0.7376100395331163,78.01913898067744,64.45945945945945,2.43876404494382,65,0.6986099797638259,0.7271595154534133
resnet18_transformer_L16_evalfix_split3_seed0,resnet18_transformer_L16_evalfix_split3,0,ResNet-18,transformer,16,1,16/8,CE,adamw,10,official fold 3,fold3,,10,0.717948717948718,0.7341818852610219,0.7425132873662286,76.48993163699048,63.206919494344646,2.47119341563786,68,0.7204025692120929,0.7215473743225566
resnet18_transformer_L16_evalfix_split3_seed1,resnet18_transformer_L16_evalfix_split3,1,ResNet-18,transformer,16,1,16/8,CE,adamw,10,official fold 3,fold3,,10,0.7162147205312673,0.728278915329275,0.7458988723694605,75.6651355180767,62.11512717536814,2.484952120383037,68,0.7262891429558095,0.7319753317136983
resnet18_transformer_L16_evalfix_split3_seed2,resnet18_transformer_L16_evalfix_split3,2,ResNet-18,transformer,16,1,16/8,CE,adamw,10,official fold 3,fold3,,10,0.7223390518354547,0.7377605607821435,0.7274328612563906,76.80258875111815,63.903743315508024,2.379945054945055,68,0.7153262081833509,0.7300691459540273
resnet18_transformer_L16_evalfix_split4_seed0,resnet18_transformer_L16_evalfix_split4,0,ResNet-18,transformer,16,1,16/8,CE,adamw,10,official fold 4,fold4,,9,0.7532112496723214,0.7621990038572445,0.7619627884553258,80.71606668621594,64.6112600536193,2.417445054945055,67,0.7470393243120517,0.7309225200190135
resnet18_transformer_L16_evalfix_split4_seed1,resnet18_transformer_L16_evalfix_split4,1,ResNet-18,transformer,16,1,16/8,CE,adamw,10,official fold 4,fold4,,8,0.749016964386024,0.7595775755533086,0.7433914344362107,79.05960540288899,65.44962812711292,2.4274238227146814,67,0.7149917002189728,0.7312150352846539
resnet18_transformer_L16_evalfix_split4_seed2,resnet18_transformer_L16_evalfix_split4,2,ResNet-18,transformer,16,1,16/8,CE,adamw,10,official fold 4,fold4,,9,0.7485301277010074,0.760626146874883,0.7546040609473446,78.74499464051702,66.078697421981,2.4863448275862066,67,0.7227404750132023,0.7292405572415811
resnet18_transformer_L16_focalattn_sharp_evalfix_split0_seed0,resnet18_transformer_L16_focalattn_sharp_evalfix_split0,0,ResNet-18 + focus-adaptive attention (sharpness),transformer,16,7,16/8,CE,adamw,10,official fold 0,fold0,,9,0.714622641509434,0.7221909321317939,0.7338371827177796,80.45626844134307,62.51621271076524,3.078591160220994,67,0.6993532453209872,0.70965113120416
resnet18_transformer_L16_focalattn_spatial_evalfix_split0_seed0,resnet18_transformer_L16_focalattn_spatial_evalfix_split0,0,ResNet-18 + focus-adaptive attention (spatial),transformer,16,7,16/8,CE,adamw,10,official fold 0,fold0,,10,0.7142706279921149,0.7278583497606308,0.7400001325374459,81.44290203991697,62.54876462938882,2.8832409972299167,67,0.6835595855757145,0.7100780006985137
resnet18_transformer_L16_focalattn_spatial_evalfix_split0_seed1,resnet18_transformer_L16_focalattn_spatial_evalfix_split0,1,ResNet-18 + focus-adaptive attention (spatial),transformer,16,7,16/8,CE,adamw,10,official fold 0,fold0,,8,0.699943677837229,0.7058927062799212,0.7247863247863248,78.88865280656324,61.58896913985554,3.2384827586206892,67,0.6970516490677778,0.7080988784974194
resnet18_transformer_L16_focalattn_spatial_evalfix_split0_seed2,resnet18_transformer_L16_focalattn_spatial_evalfix_split0,2,ResNet-18 + focus-adaptive attention (spatial),transformer,16,7,16/8,CE,adamw,10,official fold 0,fold0,,10,0.7098000563221628,0.7169107293720078,0.7236993934755128,78.7620961128424,61.568627450980394,3.108205841446453,67,0.7044299338654175,0.708292910085762
resnet18_transformer_L16_focalattn_spatial_sharp_evalfix_split0_seed0,resnet18_transformer_L16_focalattn_spatial_sharp_evalfix_split0,0,ResNet-18 + focus-adaptive attention (spatial+sharpness),transformer,16,7,16/8,CE,adamw,10,official fold 0,fold0,,10,0.7160658969304421,0.7284567727400733,0.7328940131178937,81.49326212759048,62.56410256410256,2.6137691237830314,67,0.7184315236734589,0.7147735651364042
resnet18_transformer_L16_multifocal3_cellcount_evalfix_split0_seed0,resnet18_transformer_L16_multifocal3_cellcount_evalfix_split0,0,ResNet-18,transformer,16,3,16/8,CE + cell-count,adamw,10,official fold 0,fold0,cell-count aux,10,0.7027245846240495,0.7119121374260772,0.7070805645432511,78.79900779154512,62.91693917593199,3.0484005563282333,67,0.6758446302801141,0.702433156117816
resnet18_transformer_L16_multifocal3_evalfix_split0_seed0,resnet18_transformer_L16_multifocal3_evalfix_split0,0,ResNet-18,transformer,16,3,16/8,CE,adamw,10,official fold 0,fold0,,9,0.7143410306955787,0.7175443537031821,0.7298947735514898,77.41602510259229,61.170212765957444,2.8291839557399725,67,0.6990352389545939,0.7114750281345803
resnet18_transformer_L16_multifocal3_evalfix_split0_seed1,resnet18_transformer_L16_multifocal3_evalfix_split0,1,ResNet-18,transformer,16,3,16/8,CE,adamw,10,official fold 0,fold0,,10,0.7095536468600394,0.7194100253449732,0.7275461685909447,80.79227985944404,62.67880364109233,2.739805825242718,67,0.6919346334668915,0.7018898676704568
resnet18_transformer_L16_multifocal3_evalfix_split0_seed2,resnet18_transformer_L16_multifocal3_evalfix_split0,2,ResNet-18,transformer,16,3,16/8,CE,adamw,10,official fold 0,fold0,,8,0.6933962264150944,0.7051886792452831,0.7168073220312026,77.221240616763,60.213618157543394,2.995423023578363,67,0.7183080808080807,0.7125616050292988
resnet18_transformer_L16_multifocal3_evalfix_split1_seed0,resnet18_transformer_L16_multifocal3_evalfix_split1,0,ResNet-18,transformer,16,3,16/8,CE,adamw,10,official fold 1,fold1,,9,0.7149095215187062,0.7349295044961699,0.7212554749439994,82.21618545389036,63.498920086393085,2.9838278931750746,61,0.7595618484080022,0.7666901173769763
resnet18_transformer_L16_multifocal3_evalfix_split1_seed1,resnet18_transformer_L16_multifocal3_evalfix_split1,1,ResNet-18,transformer,16,3,16/8,CE,adamw,10,official fold 1,fold1,,10,0.7180179846797172,0.7279354623838952,0.7261867003670281,80.69068454314358,63.04503216583274,3.0756676557863503,61,0.7601641947795793,0.7625430443958974
resnet18_transformer_L16_multifocal3_evalfix_split1_seed2,resnet18_transformer_L16_multifocal3_evalfix_split1,2,ResNet-18,transformer,16,3,16/8,CE,adamw,10,official fold 1,fold1,,10,0.7055101210080302,0.7240128779188099,0.7117050526886591,83.44957410531183,62.112676056338024,3.139851851851852,61,0.7531238846623461,0.765875513755693
resnet18_transformer_L16_multifocal3_evalfix_split2_seed0,resnet18_transformer_L16_multifocal3_evalfix_split2,0,ResNet-18,transformer,16,3,16/8,CE,adamw,10,official fold 2,fold2,,8,0.7585357905789493,0.7680220138310583,0.7408123500431192,77.65445238522162,67.57679180887372,2.2743732590529246,65,0.7068602764756612,0.7378014264689233
resnet18_transformer_L16_multifocal3_evalfix_split2_seed1,resnet18_transformer_L16_multifocal3_evalfix_split2,1,ResNet-18,transformer,16,3,16/8,CE,adamw,10,official fold 2,fold2,,10,0.7619392447228357,0.7654875267026322,0.7667464159771852,81.12648035724959,66.09385327164574,2.326740947075209,65,0.7125528744759514,0.7264047699913204
resnet18_transformer_L16_multifocal3_evalfix_split2_seed2,resnet18_transformer_L16_multifocal3_evalfix_split2,2,ResNet-18,transformer,16,3,16/8,CE,adamw,10,official fold 2,fold2,,8,0.7361236829718671,0.7522357797168616,0.7224616409231793,77.4604327296635,63.63018354860639,2.549649368863955,65,0.7025022413483951,0.7316502509528662
resnet18_transformer_L16_multifocal3_evalfix_split3_seed0,resnet18_transformer_L16_multifocal3_evalfix_split3,0,ResNet-18,transformer,16,3,16/8,CE,adamw,10,official fold 3,fold3,,10,0.7338498432023612,0.7459878251245158,0.7703681938976056,77.6873126873127,64.77572559366754,2.225514403292181,68,0.7311204668347524,0.7342926555783965
resnet18_transformer_L16_multifocal3_evalfix_split3_seed1,resnet18_transformer_L16_multifocal3_evalfix_split3,1,ResNet-18,transformer,16,3,16/8,CE,adamw,10,official fold 3,fold3,,9,0.7393100903892271,0.749972329828445,0.760623608417726,79.50147483235719,65.26592252133946,2.23296853625171,68,0.7364702757559901,0.7462904130069146
resnet18_transformer_L16_multifocal3_evalfix_split3_seed2,resnet18_transformer_L16_multifocal3_evalfix_split3,2,ResNet-18,transformer,16,3,16/8,CE,adamw,10,official fold 3,fold3,,10,0.731451761667589,0.7421140011068068,0.7620553058053058,80.22049437490614,65.17739816031536,2.4001367989056086,68,0.747230943659515,0.7496168940384975
resnet18_transformer_L16_multifocal3_evalfix_split4_seed0,resnet18_transformer_L16_multifocal3_evalfix_split4,0,ResNet-18,transformer,16,3,16/8,CE,adamw,10,official fold 4,fold4,,9,0.7544845148485189,0.7603640040444893,0.7622270349882291,81.42040795025868,65.1595744680851,2.453909465020576,67,0.7440079701443337,0.7376503711287433
resnet18_transformer_L16_multifocal3_evalfix_split4_seed1,resnet18_transformer_L16_multifocal3_evalfix_split4,1,ResNet-18,transformer,16,3,16/8,CE,adamw,10,official fold 4,fold4,,10,0.7631726772272779,0.7750065535707599,0.7891010730562968,80.71031787449697,66.08927381745502,2.224725274725275,67,0.7389748719294174,0.7263885334015869
resnet18_transformer_L16_multifocal3_evalfix_split4_seed2,resnet18_transformer_L16_multifocal3_evalfix_split4,2,ResNet-18,transformer,16,3,16/8,CE,adamw,10,official fold 4,fold4,,8,0.7467325768640227,0.7586039021832753,0.7504848385445401,80.73061681270637,65.00337154416724,2.4873452544704264,67,0.7347022506113415,0.7308128267943983
resnet18_transformer_L16_multifocal3_photo_cellcount_evalfix_split0_seed0,resnet18_transformer_L16_multifocal3_photo_cellcount_evalfix_split0,0,ResNet-18,transformer,16,3,16/8,CE + cell-count,adamw,10,official fold 0,fold0,photometric aug; instance norm; cell-count aux,10,0.7076527738665165,0.7186707969586033,0.6964415766654574,78.36462873776307,61.9960343688037,2.9315277777777777,67,0.7017665578149449,0.7064690131553417
resnet18_transformer_L16_multifocal3_photo_cellcount_evalfix_split0_seed1,resnet18_transformer_L16_multifocal3_photo_cellcount_evalfix_split0,1,ResNet-18,transformer,16,3,16/8,CE + cell-count,adamw,10,official fold 0,fold0,photometric aug; instance norm; cell-count aux,9,0.6991340467473951,0.7063855252041679,0.7192838256271091,78.94777279105638,61.10749185667752,2.97731673582296,67,0.6937144396821816,0.700260002328379
resnet18_transformer_L16_multifocal3_photo_cellcount_evalfix_split0_seed2,resnet18_transformer_L16_multifocal3_photo_cellcount_evalfix_split0,2,ResNet-18,transformer,16,3,16/8,CE + cell-count,adamw,10,official fold 0,fold0,photometric aug; instance norm; cell-count aux,10,0.6945578710222473,0.707054350887074,0.7054314673717658,77.98646627004835,59.88181221273802,2.9895833333333326,67,0.6989908389101936,0.7052272109899491
resnet18_transformer_L16_multifocal3_photo_evalfix_split0_seed0,resnet18_transformer_L16_multifocal3_photo_evalfix_split0,0,ResNet-18,transformer,16,3,16/8,CE,adamw,10,official fold 0,fold0,photometric aug; instance norm,9,0.7120881441847366,0.7209588848211771,0.7256621487964772,78.26462509298332,60.68601583113457,2.8657894736842104,67,0.6946642067609808,0.7089914238037952
resnet18_transformer_L16_multifocal7_evalfix_split0_seed0,resnet18_transformer_L16_multifocal7_evalfix_split0,0,ResNet-18,transformer,16,7,16/8,CE,adamw,10,official fold 0,fold0,,8,0.6892072655589975,0.7004716981132075,0.6935949622516788,74.84685712297653,59.932203389830505,3.191376912378303,67,0.6760858764891023,0.6965345958322015
resnet18_transformer_L16_multifocal7_evalfix_split0_seed1,resnet18_transformer_L16_multifocal7_evalfix_split0,1,ResNet-18,transformer,16,7,16/8,CE,adamw,10,official fold 0,fold0,,10,0.7086736130667418,0.7162771050408335,0.7088191659087181,77.09125037483247,60.77127659574468,2.9472954230235784,67,0.698858220632414,0.6966122084675385
resnet18_transformer_L16_multifocal7_evalfix_split0_seed2,resnet18_transformer_L16_multifocal7_evalfix_split0,2,ResNet-18,transformer,16,7,16/8,CE,adamw,10,official fold 0,fold0,,9,0.6964939453675021,0.7012109264995776,0.6954678406170944,76.95850169730768,59.62815405046481,2.9617318435754187,67,0.673513806981549,0.6959136947495053
resnet18_transformer_L16_multifocal7_evalfix_split1_seed0,resnet18_transformer_L16_multifocal7_evalfix_split1,0,ResNet-18,transformer,16,7,16/8,CE,adamw,10,official fold 1,fold1,,10,0.6943344558339193,0.7112829811641934,0.6789180764590601,82.08851258031586,59.57746478873239,3.2138187221396732,61,0.7379214375368222,0.7550635020550228
resnet18_transformer_L16_multifocal7_evalfix_split1_seed1,resnet18_transformer_L16_multifocal7_evalfix_split1,1,ResNet-18,transformer,16,7,16/8,CE,adamw,10,official fold 1,fold1,,10,0.7101358102357251,0.7308218924619768,0.6989094694012726,81.94269300826679,60.35335689045937,3.1762611275964394,61,0.7248181305873614,0.7478801792127967
resnet18_transformer_L16_multifocal7_evalfix_split1_seed2,resnet18_transformer_L16_multifocal7_evalfix_split1,2,ResNet-18,transformer,16,7,16/8,CE,adamw,10,official fold 1,fold1,,10,0.697035858342893,0.7179439736520742,0.7141036104150856,81.77424579063924,61.374911410347266,3.1961595273264405,61,0.7669907016060862,0.7656903765690377
resnet18_transformer_L16_multifocal7_evalfix_split2_seed0,resnet18_transformer_L16_multifocal7_evalfix_split2,0,ResNet-18,transformer,16,7,16/8,CE,adamw,10,official fold 2,fold2,,10,0.742568521669865,0.7468047358702342,0.739579138809908,78.94660040813886,64.44296197464978,2.5777008310249307,65,0.7132090559013635,0.7342918600701913
resnet18_transformer_L16_multifocal7_evalfix_split2_seed1,resnet18_transformer_L16_multifocal7_evalfix_split2,1,ResNet-18,transformer,16,7,16/8,CE,adamw,10,official fold 2,fold2,,8,0.7388392048951808,0.7453202505521561,0.7306464902618748,76.78362236054545,62.94552790854069,2.350558659217877,65,0.6960044656198502,0.7242537454243556
resnet18_transformer_L16_multifocal7_evalfix_split2_seed2,resnet18_transformer_L16_multifocal7_evalfix_split2,2,ResNet-18,transformer,16,7,16/8,CE,adamw,10,official fold 2,fold2,,10,0.7473840472138745,0.7495202577935479,0.7477222777222777,78.79051717513256,64.57638425617078,2.5503457814661132,65,0.7020347174193328,0.7283293709196573
resnet18_transformer_L16_multifocal7_evalfix_split3_seed0,resnet18_transformer_L16_multifocal7_evalfix_split3,0,ResNet-18,transformer,16,7,16/8,CE,adamw,10,official fold 3,fold3,,10,0.7190555248109205,0.7392363032650803,0.7416910295586766,79.7729721259133,64.1311475409836,2.3991724137931034,68,0.7545123747504698,0.7371706223135862
resnet18_transformer_L16_multifocal7_evalfix_split3_seed1,resnet18_transformer_L16_multifocal7_evalfix_split3,1,ResNet-18,transformer,16,7,16/8,CE,adamw,10,official fold 3,fold3,,10,0.7348828629404169,0.7422246817930271,0.7625539493186553,78.17069368539957,64.20911528150134,2.2607977991746906,68,0.7406707930517455,0.733320874602878
resnet18_transformer_L16_multifocal7_evalfix_split3_seed2,resnet18_transformer_L16_multifocal7_evalfix_split3,2,ResNet-18,transformer,16,7,16/8,CE,adamw,10,official fold 3,fold3,,10,0.7296070835639181,0.7356207341818852,0.7688625508478449,79.15551768492945,63.77383300460223,2.4816186556927295,68,0.7361584183012754,0.7312278078863764
resnet18_transformer_L16_multifocal7_evalfix_split4_seed0,resnet18_transformer_L16_multifocal7_evalfix_split4,0,ResNet-18,transformer,16,7,16/8,CE,adamw,10,official fold 4,fold4,,9,0.7445979852451036,0.7573680859828483,0.753835923612043,80.79421821959136,64.83590087073009,2.47534435261708,67,0.7242964947510402,0.732641047204651
resnet18_transformer_L16_multifocal7_evalfix_split4_seed1,resnet18_transformer_L16_multifocal7_evalfix_split4,1,ResNet-18,transformer,16,7,16/8,CE,adamw,10,official fold 4,fold4,,10,0.7417144141107741,0.751788188593042,0.7483560800724979,79.69544551634104,64.343163538874,2.522314049586777,67,0.7213421679330769,0.7206479213133935
resnet18_transformer_L16_multifocal7_evalfix_split4_seed2,resnet18_transformer_L16_multifocal7_evalfix_split4,2,ResNet-18,transformer,16,7,16/8,CE,adamw,10,official fold 4,fold4,,9,0.7434370669962177,0.7507021682956971,0.7362844866576209,80.80632882871689,63.03763440860215,2.6104827586206896,67,0.7255394437212619,0.7368459541482321
resnet18_transformer_L16_planeaug_e20_evalfix_split0_seed0,resnet18_transformer_L16_planeaug_e20_evalfix_split0,0,ResNet-18,transformer,16,7,16/8,CE,adamw,20,official fold 0,fold0,20 epochs,19,0.7042030413967897,0.7128977752745705,0.7012256400316103,76.46177205878699,61.9079386257505,3.1906077348066297,67,0.7018836897869155,0.7092242617098063
resnet18_transformer_L16_planeaug_e20_evalfix_split0_seed1,resnet18_transformer_L16_planeaug_e20_evalfix_split0,1,ResNet-18,transformer,16,7,16/8,CE,adamw,20,official fold 0,fold0,20 epochs,14,0.6885736412278232,0.6948042804843706,0.6613295908072027,76.54045788374145,59.220092531394585,3.314993122420908,67,0.6462480172157591,0.7012689665877605
resnet18_transformer_L16_planeaug_e20_evalfix_split0_seed2,resnet18_transformer_L16_planeaug_e20_evalfix_split0,2,ResNet-18,transformer,16,7,16/8,CE,adamw,20,official fold 0,fold0,20 epochs,16,0.6945226696705153,0.7035342157138834,0.6990241516360918,77.33031479300136,61.221779548472774,3.2977961432506886,67,0.688829987217084,0.6995226822926772
resnet18_transformer_L16_planeaug_recipe_e20_evalfix_split0_seed0,resnet18_transformer_L16_planeaug_recipe_e20_evalfix_split0,0,ResNet-18,transformer,16,7,16/8,ce_tls,adamw,20,official fold 0,fold0,tuned recipe (Methods),18,0.7150450577302169,0.7168051253168122,0.7135741124547095,74.54260084857098,61.28813559322034,3.0855371900826447,67,0.7093367206270431,0.6986689433039699
resnet18_transformer_L16_planeaug_recipe_e20_evalfix_split0_seed1,resnet18_transformer_L16_planeaug_recipe_e20_evalfix_split0,1,ResNet-18,transformer,16,7,16/8,ce_tls,adamw,20,official fold 0,fold0,tuned recipe (Methods),15,0.7049422697831597,0.7126865671641791,0.7130821500224485,75.20244680692441,60.229574611748816,3.3479395604395608,67,0.6963331471395986,0.7009973223640809
resnet18_transformer_L16_planeaug_recipe_e20_evalfix_split0_seed2,resnet18_transformer_L16_planeaug_recipe_e20_evalfix_split0,2,ResNet-18,transformer,16,7,16/8,ce_tls,adamw,20,official fold 0,fold0,tuned recipe (Methods),swa5,0.7188468037172627,0.7262390875809631,0.7189342166954108,75.76119568656883,63.48993288590604,2.876243093922652,67,0.6994428062976448,0.703713764600877
resnet18_transformer_L16_planeaugbias50_e20_evalfix_split0_seed0,resnet18_transformer_L16_planeaugbias50_e20_evalfix_split0,0,ResNet-18,transformer,16,7,16/8,CE,adamw,20,official fold 0,fold0,20 epochs,19,0.7117713320191495,0.7156434807096592,0.7129372700268222,78.7574987201853,62.014483212639895,2.912827586206897,67,0.7026140973721617,0.7029764445651752
resnet18_transformer_L16_planeaugbias50_e20_evalfix_split0_seed1,resnet18_transformer_L16_planeaugbias50_e20_evalfix_split0,1,ResNet-18,transformer,16,7,16/8,CE,adamw,20,official fold 0,fold0,20 epochs,16,0.7143762320473106,0.7182835820895522,0.720516051113066,78.91993164381223,63.35978835978836,2.9265474552957356,67,0.7190444412218606,0.7134929566533431
resnet18_transformer_L16_planeaugbias50_e20_evalfix_split0_seed2,resnet18_transformer_L16_planeaugbias50_e20_evalfix_split0,2,ResNet-18,transformer,16,7,16/8,CE,adamw,20,official fold 0,fold0,20 epochs,19,0.7024077724584624,0.707441565756125,0.717848155161588,78.45422405123898,61.51815181518152,3.063448275862069,67,0.702727245872407,0.7152004346307579
resnet18_transformer_L16_rareboost_e20_evalfix_split0_seed0,resnet18_transformer_L16_rareboost_e20_evalfix_split0,0,ResNet-18,transformer,16,1,16/8,CE,adamw,20,official fold 0,fold0,20 epochs,13,0.698782033230076,0.7093072373979161,0.6998055841339422,79.20702431896463,60.090850097339384,2.908160442600277,67,0.6964938287518934,0.7068182700143584
resnet18_transformer_L16_rareboost_e20_evalfix_split0_seed1,resnet18_transformer_L16_rareboost_e20_evalfix_split0,1,ResNet-18,transformer,16,1,16/8,CE,adamw,20,official fold 0,fold0,20 epochs,18,0.7077935792734441,0.723282174035483,0.7179224175492832,81.13290937917805,62.90115532734275,2.710096818810512,67,0.7068249850507913,0.7044122783189103
resnet18_transformer_L16_rareboost_e20_evalfix_split0_seed2,resnet18_transformer_L16_rareboost_e20_evalfix_split0,2,ResNet-18,transformer,16,1,16/8,CE,adamw,20,official fold 0,fold0,20 epochs,18,0.6983596170092932,0.7128625739228386,0.7018280227235452,80.75267601387004,63.239074550128535,3.1698895027624308,67,0.6916357388131581,0.6970002716442237
resnet18_transformer_L16_recipe_e20_evalfix_split0_seed0,resnet18_transformer_L16_recipe_e20_evalfix_split0,0,ResNet-18,transformer,16,1,16/8,ce_tls,adamw,20,official fold 0,fold0,tuned recipe (Methods),19,0.7156786820613912,0.7275767389467755,0.7368739883665257,78.20794876765027,63.793103448275865,2.8389736477115117,67,0.7183915099237681,0.7208273506926928
resnet18_transformer_L16_recipe_e20_evalfix_split0_seed1,resnet18_transformer_L16_recipe_e20_evalfix_split0,1,ResNet-18,transformer,16,1,16/8,ce_tls,adamw,20,official fold 0,fold0,tuned recipe (Methods),15,0.7114545198535623,0.7239862010701211,0.7283488070801504,78.2525931779663,63.430851063829785,3.00624133148405,67,0.7226262089165315,0.7170631378788467
resnet18_transformer_L16_recipe_e20_evalfix_split0_seed2,resnet18_transformer_L16_recipe_e20_evalfix_split0,2,ResNet-18,transformer,16,1,16/8,ce_tls,adamw,20,official fold 0,fold0,tuned recipe (Methods),15,0.7132145874401578,0.7194452266967052,0.734221706982901,76.84503307637637,62.13853396099529,4.031377899045021,67,0.7088650149134019,0.711979510264271
resnet18_transformer_L16_split0_seed0,resnet18_transformer_L16_split0,0,ResNet-18,transformer,16,1,150/150,CE,sgd,10,official fold 0,fold0,,10,0.5123204731061672,0.4918332863981977,0.36852475882326635,54.63244052796292,31.974921630094045,7.090950226244343,67,0.36040088943314746,0.5009895611005472
resnet18_transformer_L32_e20_evalfix_split0_seed0,resnet18_transformer_L32_e20_evalfix_split0,0,ResNet-18,transformer,32,1,32/16,CE,adamw,20,official fold 0,fold0,20 epochs,20,0.7072303576457336,0.7151858631371445,0.7093071936355518,77.95054448039522,59.56320317670417,3.0056708160442605,67,0.6712466297143717,0.6968450463735496
resnet18_transformer_L32_e20_evalfix_split0_seed1,resnet18_transformer_L32_e20_evalfix_split0,1,ResNet-18,transformer,32,1,32/16,CE,adamw,20,official fold 0,fold0,20 epochs,20,0.7042030413967897,0.7019149535342157,0.6915340463847928,79.74971960046588,59.38117182356814,3.183911234396671,67,0.6674305980757593,0.6976211727269199
resnet18_transformer_L32_e20_evalfix_split0_seed2,resnet18_transformer_L32_e20_evalfix_split0,2,ResNet-18,transformer,32,1,32/16,CE,adamw,20,official fold 0,fold0,20 epochs,19,0.7038862292312025,0.7099056603773585,0.698864982447072,80.21654547773952,58.60039241334205,2.8454038997214486,67,0.663950923628343,0.7011137413170864
resnet18_transformer_L32_evalfix_split0_seed0,resnet18_transformer_L32_evalfix_split0,0,ResNet-18,transformer,32,1,32/16,CE,adamw,10,official fold 0,fold0,,9,0.6951210926499578,0.7044846522106449,0.6697456772083639,73.15265994370473,59.411362080766594,3.126147426981919,67,0.6508032290290353,0.6879583996274593
resnet18_transformer_L64_evalfix_split0_seed0,resnet18_transformer_L64_evalfix_split0,0,ResNet-18,transformer,64,1,64/32,CE,adamw,10,official fold 0,fold0,,10,0.6809349479019995,0.6887496479864826,0.6588172192649805,68.37082900515736,56.43564356435643,4.238524590163935,67,0.6116793153083474,0.6747642516201637
resnet18_transformer_relpos_L16_evalfix_split0_seed0,resnet18_transformer_relpos_L16_evalfix_split0,0,ResNet-18,transformer (rotary),16,1,16/8,CE,adamw,10,official fold 0,fold0,,7,0.6979372007885103,0.7063503238524359,0.6998407893930281,75.99447401686209,60.68318821165438,3.1536551724137927,67,0.6890996548254612,0.7040242151422251
resnet18_transformer_relpos_L16_evalfix_split0_seed1,resnet18_transformer_relpos_L16_evalfix_split0,1,ResNet-18,transformer (rotary),16,1,16/8,CE,adamw,10,official fold 0,fold0,,7,0.6805125316812165,0.6911785412559842,0.6764849164102896,76.81570916645543,55.77689243027888,3.398484848484848,67,0.6823962327994584,0.6951763747138034
resnet18_transformer_relpos_L16_evalfix_split0_seed2,resnet18_transformer_relpos_L16_evalfix_split0,2,ResNet-18,transformer (rotary),16,1,16/8,CE,adamw,10,official fold 0,fold0,,10,0.7072655589974655,0.7173683469445227,0.7119381033560138,78.95410559589664,61.88281764318631,2.899445983379501,67,0.7091755019174371,0.7049943730839381
resnet18_transformer_relpos_L16_split0_seed0,resnet18_transformer_relpos_L16_split0,0,ResNet-18,transformer (rotary),16,1,150/150,CE,adamw,10,official fold 0,fold0,,8,0.6880104196001127,0.6930794142495071,0.6300545640097879,72.47359191389042,57.558945908460466,3.3516620498614955,67,0.627066884728175,0.685901664791028
resnet18_transformer_relpos_L16_split0_seed1,resnet18_transformer_relpos_L16_split0,1,ResNet-18,transformer (rotary),16,1,150/150,CE,adamw,10,official fold 0,fold0,,9,0.656646015206984,0.6758659532526049,0.5864634122096808,67.7617034706587,55.37366548042705,3.772791023842917,67,0.5614775905098487,0.6575730528930109
resnet18_transformer_relpos_L16_split0_seed2,resnet18_transformer_relpos_L16_split0,2,ResNet-18,transformer (rotary),16,1,150/150,CE,adamw,10,official fold 0,fold0,,9,0.675091523514503,0.6918825682906223,0.6383065524856569,70.6188670367775,56.824512534818936,3.393333333333333,67,0.6166654134396069,0.6772866622686173
resnet50_lstm_L8_cellcount_split0_seed0,resnet50_lstm_L8_cellcount_split0,0,ResNet-50,LSTM,8,1,150/150,CE + cell-count,sgd,10,official fold 0,fold0,cell-count aux,4,0.7063855252041679,0.7149394536750211,0.6995406334958574,75.65998263759458,59.73154362416108,3.68041095890411,67,0.7035520035520032,0.7084869416741045
resnet50_lstm_L8_embryodiff_split_seed0,resnet50_lstm_L8_embryodiff_split,0,ResNet-50,LSTM,8,1,150/150,CE,sgd,10,random 70/10/20 video split (EmbryoDiff-style),random73,15 classes,7,0.7003424027097677,0.7065768319772222,0.7004597726536501,77.51290376290376,59.527559055118104,3.108219178082192,196,0.6722961820787908,0.6746440472584065
resnet50_lstm_L8_grouped_v1_seed0,resnet50_lstm_L8_grouped_v1,0,ResNet-50,LSTM,8,1,150/150,CE,sgd,10,patient-grouped (CLEAVE),grouped,,5,0.7374753052023707,0.74327541664556,0.7138317122692123,76.02920516983018,63.38028169014085,3.013946869070209,96,0.6820164002664001,0.7164326585012754
resnet50_lstm_L8_grouped_v1_seed1,resnet50_lstm_L8_grouped_v1,1,ResNet-50,LSTM,8,1,150/150,CE,sgd,10,patient-grouped (CLEAVE),grouped,,7,0.714350843422319,0.7209867787852693,0.6972920597920598,77.1752524096274,59.94423791821561,3.338593155893536,96,0.6745590520590521,0.7019555575981801
resnet50_lstm_L8_grouped_v1_seed2,resnet50_lstm_L8_grouped_v1,2,ResNet-50,LSTM,8,1,150/150,CE,sgd,10,patient-grouped (CLEAVE),grouped,,4,0.7091839319183425,0.7232916265640038,0.677306114024864,75.47136746355496,61.31178707224335,3.396949475691135,96,0.6665265290265289,0.7065055035962957
resnet50_lstm_L8_grouped_v2_seed0,resnet50_lstm_L8_grouped_v2,0,ResNet-50,LSTM,8,1,150/150,CE,sgd,10,patient-grouped v2 (CLEAVE),grouped_v2,,3,0.696412997608665,0.7060346040230694,0.6834783506131821,71.7671451519766,60.86497890295358,3.4193888303477347,89,0.6815158197811257,0.7061625833098658
resnet50_lstm_L8_grouped_v2_seed1,resnet50_lstm_L8_grouped_v2,1,ResNet-50,LSTM,8,1,150/150,CE,sgd,10,patient-grouped v2 (CLEAVE),grouped_v2,,8,0.6894359262906176,0.6970881980587987,0.6526533079903867,74.35157383191091,57.43589743589743,3.6279193205944797,89,0.6679480666725564,0.7000844832441566
resnet50_lstm_L8_grouped_v2_seed2,resnet50_lstm_L8_grouped_v2,2,ResNet-50,LSTM,8,1,150/150,CE,sgd,10,patient-grouped v2 (CLEAVE),grouped_v2,,7,0.6949500633000422,0.7020396680264454,0.6810805923165474,77.17090493775888,59.87006496751624,3.053936170212766,89,0.6893403931669236,0.7042147751807003
resnet50_lstm_L8_hires448_split0_seed0,resnet50_lstm_L8_hires448_split0,0,ResNet-50,LSTM,8,1,150/150,CE,sgd,10,official fold 0,fold0,448px,9,0.7019853562376795,0.7129329766263024,0.6782517234009771,80.33255301912018,61.46848602988953,3.1826147426981914,67,0.6785853035853034,0.7004928402343902
resnet50_lstm_L8_multifocal3_split0_seed0,resnet50_lstm_L8_multifocal3_split0,0,ResNet-50,LSTM,8,3,150/150,CE,sgd,10,official fold 0,fold0,,6,0.7002252886510842,0.7182483807378204,0.7223009577487189,78.44694691709617,63.18537859007834,3.805020352781547,67,0.6936209399919077,0.7026271877061586
resnet50_lstm_L8_photo_cellcount_split0_seed0,resnet50_lstm_L8_photo_cellcount_split0,0,ResNet-50,LSTM,8,1,150/150,CE + cell-count,sgd,10,official fold 0,fold0,photometric aug; instance norm; cell-count aux,6,0.709342438749648,0.7172979442410589,0.7176491833208251,78.31199480453213,61.12565445026178,3.4459016393442616,67,0.7106266493363268,0.6932748651480461
resnet50_lstm_L8_photo_cellcount_split0_seed1,resnet50_lstm_L8_photo_cellcount_split0,1,ResNet-50,LSTM,8,1,150/150,CE + cell-count,sgd,10,official fold 0,fold0,photometric aug; instance norm; cell-count aux,7,0.6891720642072655,0.6989580399887355,0.712863670326357,81.71449611748118,57.61421319796954,3.1743801652892563,67,0.7086145485339033,0.7064690131553417
resnet50_lstm_L8_photo_cellcount_split0_seed2,resnet50_lstm_L8_photo_cellcount_split0,2,ResNet-50,LSTM,8,1,150/150,CE + cell-count,sgd,10,official fold 0,fold0,photometric aug; instance norm; cell-count aux,5,0.6756195437904815,0.698782033230076,0.6786299935553667,78.12081368051516,58.785107772697586,3.2087016574585627,67,0.6766106205622333,0.6994062633396717
resnet50_lstm_L8_photo_split0_seed0,resnet50_lstm_L8_photo_split0,0,ResNet-50,LSTM,8,1,150/150,CE,sgd,10,official fold 0,fold0,photometric aug; instance norm,9,0.690509715573078,0.697303576457336,0.6823562010129174,79.57124136228614,58.00130633572829,3.213453536754508,67,0.6808745018422437,0.6944390546781016
resnet50_lstm_L8_split0_seed0,resnet50_lstm_L8_split0,0,ResNet-50,LSTM,8,1,150/150,CE,sgd,10,official fold 0,fold0,,5,0.7071951562940016,0.7151506617854125,0.704408071199116,77.71180726404607,61.005878510777265,3.0714088397790054,67,0.6808142126690514,0.7035973456478715
resnet50_lstm_L8_split0_seed1,resnet50_lstm_L8_split0,1,ResNet-50,LSTM,8,1,150/150,CE,sgd,10,official fold 0,fold0,,5,0.7064911292593635,0.7187411996620671,0.7330462240910001,79.31345602987395,61.36950904392765,2.871862068965517,67,0.6936998932966673,0.7018898676704568
resnet50_lstm_L8_split0_seed2,resnet50_lstm_L8_split0,2,ResNet-50,LSTM,8,1,150/150,CE,sgd,10,official fold 0,fold0,,7,0.7085328076598142,0.7205364686003942,0.7199270050016318,78.42606812756067,62.4031007751938,3.1618852459016393,67,0.722987004035391,0.7043734720012418
resnet50_mamba_L16_split0_seed0,resnet50_mamba_L16_split0,0,ResNet-50,selective SSM,16,1,150/150,CE,sgd,10,official fold 0,fold0,,10,0.6366164460715291,0.6713601802309209,0.6395446179028269,71.23603593752847,57.10306406685237,4.305160390516039,67,0.6134817691269304,0.669292560828903
resnet50_transformer_L16_crossfocal7_evalfix_split0_seed0,resnet50_transformer_L16_crossfocal7_evalfix_split0,0,ResNet-50 + cross-focal attention,transformer,16,7,16/8,CE,adamw,10,official fold 0,fold0,,6,0.5112644325542101,0.525978597578147,0.4102701195984778,67.4619120514643,36.440677966101696,7.0859353023909994,67,0.3281080926242216,0.49827311886375103
resnet50_transformer_L16_evalfix_split0_seed0,resnet50_transformer_L16_evalfix_split0,0,ResNet-50,transformer,16,1,16/8,CE,adamw,10,official fold 0,fold0,,8,0.6994860602647142,0.7101872711912137,0.7040041219145697,76.37261163380568,61.52815013404825,3.7108965517241375,67,0.6854727261985326,0.7121347355349451
resnet50_transformer_relpos_L16_split0_seed0,resnet50_transformer_relpos_L16_split0,0,ResNet-50,transformer (rotary),16,1,150/150,CE,adamw,10,official fold 0,fold0,,7,0.5581174317093777,0.580963108983385,0.4292435176763535,60.94593217727546,46.830723340790456,5.626398852223816,67,0.45538534046598567,0.6075905157359618
swin_t_lstm_L8_split0_seed0,swin_t_lstm_L8_split0,0,Swin-T,LSTM,8,1,150/150,CE,adamw,10,official fold 0,fold0,,3,0.6490777245846241,0.6535482962545762,0.5509926226344136,65.75779527272066,54.72924187725632,4.015471167369902,67,0.5388839207387595,0.646978928169506
